-- phpMyAdmin SQL Dump
-- version 5.0.2
-- https://www.phpmyadmin.net/
--
-- Host: 127.0.0.1
-- Generation Time: Oct 11, 2021 at 08:06 PM
-- Server version: 10.4.13-MariaDB
-- PHP Version: 7.3.19

SET SQL_MODE = "NO_AUTO_VALUE_ON_ZERO";
START TRANSACTION;
SET time_zone = "+00:00";


/*!40101 SET @OLD_CHARACTER_SET_CLIENT=@@CHARACTER_SET_CLIENT */;
/*!40101 SET @OLD_CHARACTER_SET_RESULTS=@@CHARACTER_SET_RESULTS */;
/*!40101 SET @OLD_COLLATION_CONNECTION=@@COLLATION_CONNECTION */;
/*!40101 SET NAMES utf8mb4 */;

--
-- Database: `msicurso`
--

-- --------------------------------------------------------

--
-- Table structure for table `activity_log`
--

CREATE TABLE `activity_log` (
  `id` bigint(20) UNSIGNED NOT NULL,
  `log_name` varchar(255) COLLATE utf8mb4_unicode_ci DEFAULT NULL,
  `description` text COLLATE utf8mb4_unicode_ci NOT NULL,
  `subject_type` varchar(255) COLLATE utf8mb4_unicode_ci DEFAULT NULL,
  `subject_id` varchar(36) COLLATE utf8mb4_unicode_ci DEFAULT NULL,
  `causer_type` varchar(255) COLLATE utf8mb4_unicode_ci DEFAULT NULL,
  `causer_id` varchar(36) COLLATE utf8mb4_unicode_ci DEFAULT NULL,
  `properties` longtext CHARACTER SET utf8mb4 COLLATE utf8mb4_bin DEFAULT NULL CHECK (json_valid(`properties`)),
  `created_at` timestamp NULL DEFAULT NULL,
  `updated_at` timestamp NULL DEFAULT NULL
) ENGINE=InnoDB DEFAULT CHARSET=utf8mb4 COLLATE=utf8mb4_unicode_ci;

--
-- Dumping data for table `activity_log`
--

INSERT INTO `activity_log` (`id`, `log_name`, `description`, `subject_type`, `subject_id`, `causer_type`, `causer_id`, `properties`, `created_at`, `updated_at`) VALUES
(1, '9453c12f-edd7-4732-aa36-031a04393e14', 'created', 'App\\Models\\Cursos', '945459cd-be55-48be-9b6c-c3704e498ea6', 'App\\Models\\User', '9453c12f-edd7-4732-aa36-031a04393e14', '{\"attributes\":{\"id\":\"945459cd-be55-48be-9b6c-c3704e498ea6\",\"nome\":\"dasdasddddddddddddddddddddddddddddd\",\"descricao\":\"<p>dasdasdsadasdsa<\\/p>\",\"valor\":\"1.000.000,00\",\"data_inicio\":\"05-09-2021\",\"data_fim\":\"05-09-2021\",\"qtd_inscritos\":10,\"deleted_at\":null,\"created_at\":\"2021-09-06T03:47:28.000000Z\",\"updated_at\":\"2021-09-06T03:47:28.000000Z\"}}', '2021-09-06 03:47:28', '2021-09-06 03:47:28'),
(8, '9453c12f-edd7-4732-aa36-031a04393e14', 'created', 'App\\Models\\Anexos', '94547bed-a02f-45c7-8ce6-0745620bf701', 'App\\Models\\User', '9453c12f-edd7-4732-aa36-031a04393e14', '{\"attributes\":{\"id\":\"94547bed-a02f-45c7-8ce6-0745620bf701\",\"titulo\":\"sdfdsfdsfdsfdsf\",\"caminho\":null,\"deleted_at\":null,\"created_at\":\"2021-09-06T05:22:53.000000Z\",\"updated_at\":\"2021-09-06T05:22:53.000000Z\"}}', '2021-09-06 05:22:53', '2021-09-06 05:22:53'),
(12, '9453c12f-edd7-4732-aa36-031a04393e14', 'deleted', 'App\\Models\\Anexos', '94547bed-a02f-45c7-8ce6-0745620bf701', 'App\\Models\\User', '9453c12f-edd7-4732-aa36-031a04393e14', '{\"attributes\":{\"id\":\"94547bed-a02f-45c7-8ce6-0745620bf701\",\"titulo\":\"sdfdsfdsfdsfdsf\",\"caminho\":\"021733202109066135a46dca425\",\"deleted_at\":null,\"created_at\":\"2021-06-09T03:00:00.000000Z\",\"updated_at\":\"2021-09-06T05:38:39.000000Z\"}}', '2021-09-06 06:32:31', '2021-09-06 06:32:31'),
(13, '9453c12f-edd7-4732-aa36-031a04393e14', 'created', 'App\\Models\\Anexos', '94549557-4ac7-42fe-bd9a-7bd24a71f0be', 'App\\Models\\User', '9453c12f-edd7-4732-aa36-031a04393e14', '{\"attributes\":{\"id\":\"94549557-4ac7-42fe-bd9a-7bd24a71f0be\",\"titulo\":\"Teste de Envio\",\"caminho\":\"033356202109066135b654c9219.pdf\",\"deleted_at\":null,\"created_at\":\"2021-06-09T03:00:00.000000Z\",\"updated_at\":\"2021-09-06T06:33:56.000000Z\"}}', '2021-09-06 06:33:56', '2021-09-06 06:33:56'),
(14, '9453c12f-edd7-4732-aa36-031a04393e14', 'created', 'App\\Models\\Anexos', '945495ae-8d6b-4826-b313-c269802edc69', 'App\\Models\\User', '9453c12f-edd7-4732-aa36-031a04393e14', '{\"attributes\":{\"id\":\"945495ae-8d6b-4826-b313-c269802edc69\",\"titulo\":\"testes de grava\\u00e7ao -1\",\"caminho\":\"033454202109066135b68e097ce.pdf\",\"deleted_at\":null,\"created_at\":\"2021-06-09T03:00:00.000000Z\",\"updated_at\":\"2021-09-06T06:34:54.000000Z\"}}', '2021-09-06 06:34:54', '2021-09-06 06:34:54'),
(15, '9453c12f-edd7-4732-aa36-031a04393e14', 'deleted', 'App\\Models\\Anexos', '945495ae-8d6b-4826-b313-c269802edc69', 'App\\Models\\User', '9453c12f-edd7-4732-aa36-031a04393e14', '{\"attributes\":{\"id\":\"945495ae-8d6b-4826-b313-c269802edc69\",\"titulo\":\"testes de grava\\u00e7ao -1\",\"caminho\":\"033454202109066135b68e097ce.pdf\",\"deleted_at\":null,\"created_at\":\"2021-06-09T03:00:00.000000Z\",\"updated_at\":\"2021-09-06T06:34:54.000000Z\"}}', '2021-09-06 06:35:00', '2021-09-06 06:35:00'),
(16, '9453c12f-edd7-4732-aa36-031a04393e14', 'updated', 'App\\Models\\Cursos', '945459cd-be55-48be-9b6c-c3704e498ea6', 'App\\Models\\User', '9453c12f-edd7-4732-aa36-031a04393e14', '{\"attributes\":{\"id\":\"945459cd-be55-48be-9b6c-c3704e498ea6\",\"nome\":\"Curso de PHP Avan\\u00e7ado\",\"descricao\":\"<p>dasdasdsadasdsa<\\/p>\",\"valor\":\"100.000.000,00\",\"data_inicio\":\"05\\/09\\/2021\",\"data_fim\":\"05\\/09\\/2021\",\"qtd_inscritos\":10,\"deleted_at\":null,\"created_at\":\"2021-09-06T03:47:28.000000Z\",\"updated_at\":\"2021-09-06T06:46:23.000000Z\"},\"old\":{\"id\":\"945459cd-be55-48be-9b6c-c3704e498ea6\",\"nome\":\"dasdasddddddddddddddddddddddddddddd\",\"descricao\":\"<p>dasdasdsadasdsa<\\/p>\",\"valor\":\"1.000.000,00\",\"data_inicio\":\"05\\/09\\/2021\",\"data_fim\":\"05\\/09\\/2021\",\"qtd_inscritos\":10,\"deleted_at\":null,\"created_at\":\"2021-09-06T03:47:28.000000Z\",\"updated_at\":\"2021-09-06T03:47:28.000000Z\"}}', '2021-09-06 06:46:23', '2021-09-06 06:46:23'),
(17, '9453c12f-edd7-4732-aa36-031a04393e14', 'updated', 'App\\Models\\Cursos', '945459cd-be55-48be-9b6c-c3704e498ea6', 'App\\Models\\User', '9453c12f-edd7-4732-aa36-031a04393e14', '{\"attributes\":{\"id\":\"945459cd-be55-48be-9b6c-c3704e498ea6\",\"nome\":\"Curso de PHP Avan\\u00e7ado\",\"descricao\":\"<p>dasdasdsadasdsa<\\/p>\",\"valor\":\"100.000,00\",\"data_inicio\":\"05\\/09\\/2021\",\"data_fim\":\"05\\/09\\/2021\",\"qtd_inscritos\":10,\"deleted_at\":null,\"created_at\":\"2021-09-06T03:47:28.000000Z\",\"updated_at\":\"2021-09-06T06:58:19.000000Z\"},\"old\":{\"id\":\"945459cd-be55-48be-9b6c-c3704e498ea6\",\"nome\":\"Curso de PHP Avan\\u00e7ado\",\"descricao\":\"<p>dasdasdsadasdsa<\\/p>\",\"valor\":\"100.000.000,00\",\"data_inicio\":\"05\\/09\\/2021\",\"data_fim\":\"05\\/09\\/2021\",\"qtd_inscritos\":10,\"deleted_at\":null,\"created_at\":\"2021-09-06T03:47:28.000000Z\",\"updated_at\":\"2021-09-06T06:46:23.000000Z\"}}', '2021-09-06 06:58:19', '2021-09-06 06:58:19'),
(18, '9453c12f-edd7-4732-aa36-031a04393e14', 'updated', 'App\\Models\\Cursos', '945459cd-be55-48be-9b6c-c3704e498ea6', 'App\\Models\\User', '9453c12f-edd7-4732-aa36-031a04393e14', '{\"attributes\":{\"id\":\"945459cd-be55-48be-9b6c-c3704e498ea6\",\"nome\":\"Curso de PHP Avan\\u00e7ado\",\"descricao\":\"<p>dasdasdsadasdsa<\\/p>\",\"valor\":\"100.000,00\",\"data_inicio\":\"05\\/09\\/2021\",\"data_fim\":\"05\\/09\\/2021\",\"qtd_inscritos\":10,\"deleted_at\":null,\"created_at\":\"2021-09-06T03:47:28.000000Z\",\"updated_at\":\"2021-09-06T06:59:14.000000Z\"},\"old\":{\"id\":\"945459cd-be55-48be-9b6c-c3704e498ea6\",\"nome\":\"Curso de PHP Avan\\u00e7ado\",\"descricao\":\"<p>dasdasdsadasdsa<\\/p>\",\"valor\":\"100.000,00\",\"data_inicio\":\"05\\/09\\/2021\",\"data_fim\":\"05\\/09\\/2021\",\"qtd_inscritos\":10,\"deleted_at\":null,\"created_at\":\"2021-09-06T03:47:28.000000Z\",\"updated_at\":\"2021-09-06T06:58:19.000000Z\"}}', '2021-09-06 06:59:14', '2021-09-06 06:59:14'),
(19, '9453c12f-edd7-4732-aa36-031a04393e14', 'updated', 'App\\Models\\Cursos', '945459cd-be55-48be-9b6c-c3704e498ea6', 'App\\Models\\User', '9453c12f-edd7-4732-aa36-031a04393e14', '{\"attributes\":{\"id\":\"945459cd-be55-48be-9b6c-c3704e498ea6\",\"nome\":\"Curso de PHP Avan\\u00e7ado\",\"descricao\":\"<p>TEstando conteudo<\\/p>\",\"valor\":\"10.000.000,00\",\"data_inicio\":\"05\\/09\\/2021\",\"data_fim\":\"05\\/09\\/2021\",\"qtd_inscritos\":10,\"deleted_at\":null,\"created_at\":\"2021-09-06T03:47:28.000000Z\",\"updated_at\":\"2021-09-06T06:59:26.000000Z\"},\"old\":{\"id\":\"945459cd-be55-48be-9b6c-c3704e498ea6\",\"nome\":\"Curso de PHP Avan\\u00e7ado\",\"descricao\":\"<p>dasdasdsadasdsa<\\/p>\",\"valor\":\"100.000,00\",\"data_inicio\":\"05\\/09\\/2021\",\"data_fim\":\"05\\/09\\/2021\",\"qtd_inscritos\":10,\"deleted_at\":null,\"created_at\":\"2021-09-06T03:47:28.000000Z\",\"updated_at\":\"2021-09-06T06:59:14.000000Z\"}}', '2021-09-06 06:59:26', '2021-09-06 06:59:26'),
(20, '9453c12f-edd7-4732-aa36-031a04393e14', 'updated', 'App\\Models\\Cursos', '945459cd-be55-48be-9b6c-c3704e498ea6', 'App\\Models\\User', '9453c12f-edd7-4732-aa36-031a04393e14', '{\"attributes\":{\"id\":\"945459cd-be55-48be-9b6c-c3704e498ea6\",\"nome\":\"Curso de PHP Avan\\u00e7ado\",\"descricao\":\"<p>Testando conteudo<\\/p>\",\"valor\":\"1.000,00\",\"data_inicio\":\"05\\/09\\/2021\",\"data_fim\":\"05\\/09\\/2021\",\"qtd_inscritos\":10,\"deleted_at\":null,\"created_at\":\"2021-09-06T03:47:28.000000Z\",\"updated_at\":\"2021-09-06T07:00:38.000000Z\"},\"old\":{\"id\":\"945459cd-be55-48be-9b6c-c3704e498ea6\",\"nome\":\"Curso de PHP Avan\\u00e7ado\",\"descricao\":\"<p>TEstando conteudo<\\/p>\",\"valor\":\"10.000.000,00\",\"data_inicio\":\"05\\/09\\/2021\",\"data_fim\":\"05\\/09\\/2021\",\"qtd_inscritos\":10,\"deleted_at\":null,\"created_at\":\"2021-09-06T03:47:28.000000Z\",\"updated_at\":\"2021-09-06T06:59:26.000000Z\"}}', '2021-09-06 07:00:38', '2021-09-06 07:00:38'),
(28, 'Gravado pelo Aluno', 'created', 'App\\Models\\User', '94559c5f-a751-4a75-b007-0294653152ae', NULL, NULL, '{\"attributes\":{\"id\":\"94559c5f-a751-4a75-b007-0294653152ae\",\"name\":\"Fabr\\u00edcio do Carmo\",\"last_name\":\"Peixoto\",\"email\":\"fcmpeixot@gmail.com\",\"email_verified_at\":null,\"password\":\"$2y$10$jQJ5kIAHglCQAWwPEctRyegVgjsURLH8XBeXz6e5AevUHnqXEQ\\/Xm\",\"remember_token\":null,\"created_at\":\"2021-09-06T18:49:26.000000Z\",\"updated_at\":\"2021-09-06T18:49:26.000000Z\"}}', '2021-09-06 18:49:26', '2021-09-06 18:49:26'),
(29, 'Gravado pelo Aluno', 'created', 'App\\Models\\Aluno', '94559c5f-b10f-43d2-98fd-787e1088a165', NULL, NULL, '{\"attributes\":{\"id\":\"94559c5f-b10f-43d2-98fd-787e1088a165\",\"users_id\":\"94559c5f-a751-4a75-b007-0294653152ae\",\"tipo_pessoa\":1,\"matricula\":\"2UY3B\",\"cpf\":\"095.939.767-10\",\"data_nascimento\":\"05\\/04\\/1975\",\"telefone\":\"(22)9961-5230\",\"celular\":\"()-\",\"deleted_at\":null,\"created_at\":\"2021-09-06T18:49:26.000000Z\",\"updated_at\":\"2021-09-06T18:49:26.000000Z\"}}', '2021-09-06 18:49:26', '2021-09-06 18:49:26'),
(30, 'Gravado pelo Aluno', 'created', 'App\\Models\\Endereco', '94559c5f-b51f-4042-9e79-e982db08109f', NULL, NULL, '{\"attributes\":{\"id\":\"94559c5f-b51f-4042-9e79-e982db08109f\",\"aluno_id\":\"94559c5f-b10f-43d2-98fd-787e1088a165\",\"cep\":\"\",\"logradouro\":\"28640-000\",\"complemento\":null,\"numero\":null,\"bairro\":null,\"localidade\":\"Carmo\",\"uf\":\"RJ\",\"ibge\":null,\"gia\":null,\"ddd\":null,\"siafi\":null,\"deleted_at\":null,\"created_at\":\"2021-09-06T18:49:26.000000Z\",\"updated_at\":\"2021-09-06T18:49:26.000000Z\"}}', '2021-09-06 18:49:26', '2021-09-06 18:49:26'),
(31, '9453c12f-edd7-4732-aa36-031a04393e14', 'created', 'App\\Models\\Cursos', '9455bb42-b91b-4bc0-8e86-b07117c15f26', 'App\\Models\\User', '9453c12f-edd7-4732-aa36-031a04393e14', '{\"attributes\":{\"id\":\"9455bb42-b91b-4bc0-8e86-b07117c15f26\",\"nome\":\"Curso de Laravel Avan\\u00e7ado\",\"descricao\":\"<div><ul class=\\\"curso-detalhes-habilidades-list\\\" style=\\\"box-sizing: inherit; margin-right: 1.23em; margin-bottom: 2.25em; margin-left: 1.23em; padding: 0px; text-size-adjust: none; font-size: 0.9375rem; color: rgb(9, 51, 102); font-family: Inter, sans-serif; background-color: rgb(252, 253, 255);\\\"><li class=\\\"curso-detalhes-habilidades-item\\\" style=\\\"box-sizing: inherit; margin: 0px; padding: 0px; text-size-adjust: none; font-size: 1rem; font-stretch: normal; line-height: 1.69;\\\"><span style=\\\"font-family: &quot;Times New Roman&quot;;\\\">Entenda o padr\\u00e3o MVC com Laravel<\\/span><\\/li><li class=\\\"curso-detalhes-habilidades-item\\\" style=\\\"box-sizing: inherit; margin: 0px; padding: 0px; text-size-adjust: none; font-size: 1rem; font-stretch: normal; line-height: 1.69;\\\"><span style=\\\"font-family: &quot;Times New Roman&quot;;\\\">Use o ORM Eloquent para persistir dados<\\/span><\\/li><li class=\\\"curso-detalhes-habilidades-item\\\" style=\\\"box-sizing: inherit; margin: 0px; padding: 0px; text-size-adjust: none; font-size: 1rem; font-stretch: normal; line-height: 1.69;\\\"><span style=\\\"font-family: &quot;Times New Roman&quot;;\\\">Trabalhe com formul\\u00e1rios e valida\\u00e7\\u00e3o<\\/span><\\/li><li class=\\\"curso-detalhes-habilidades-item\\\" style=\\\"box-sizing: inherit; margin: 0px; padding: 0px; text-size-adjust: none; font-size: 1rem; font-stretch: normal; line-height: 1.69;\\\"><span style=\\\"font-family: &quot;Times New Roman&quot;;\\\">Ganhe produtividade no desenvolvimento web<\\/span><\\/li><li class=\\\"curso-detalhes-habilidades-item\\\" style=\\\"box-sizing: inherit; margin: 0px; padding: 0px; text-size-adjust: none; font-size: 1rem; font-stretch: normal; line-height: 1.69;\\\"><span style=\\\"font-family: &quot;Times New Roman&quot;;\\\">Use o Blade para a defini\\u00e7\\u00e3o dos Views<\\/span><\\/li><\\/ul><\\/div>\",\"valor\":\"100.000,00\",\"data_inicio\":\"13\\/09\\/2021\",\"data_fim\":\"30\\/09\\/2021\",\"qtd_inscritos\":20,\"deleted_at\":null,\"created_at\":\"2021-09-06T20:15:48.000000Z\",\"updated_at\":\"2021-09-06T20:15:48.000000Z\"}}', '2021-09-06 20:15:48', '2021-09-06 20:15:48'),
(32, '9453c12f-edd7-4732-aa36-031a04393e14', 'updated', 'App\\Models\\Cursos', '945459cd-be55-48be-9b6c-c3704e498ea6', 'App\\Models\\User', '9453c12f-edd7-4732-aa36-031a04393e14', '{\"attributes\":{\"id\":\"945459cd-be55-48be-9b6c-c3704e498ea6\",\"nome\":\"Curso de PHP Avan\\u00e7ado\",\"descricao\":\"<p>A Forma\\u00e7\\u00e3o PHP da Alura \\u00e9 um guia de aprendizado com cursos e conte\\u00fados para voc\\u00ea iniciar uma carreira bem sucedida como programador(a) Web PHP. Voc\\u00ea vai aprender desde os fundamentos da linguagem junto com as boas pr\\u00e1ticas e o essencial conhecimento de uma boa modelagem orientada a objetos.<\\/p><p><b>O que \\u00e9 PHP?<\\/b><br><\\/p><p>O PHP \\u00e9 uma das linguagens de programa\\u00e7\\u00e3o mais usada no desenvolvimento web. Por ser multi plataforma, open source, gratuita e bastante completa, a linguagem PHP conquistou o mercado e desenvolvedoras\\/es, tendo uma comunidade vibrante e uma evolu\\u00e7\\u00e3o r\\u00e1pida nos \\u00faltimos anos.<\\/p>\",\"valor\":\"100.000,00\",\"data_inicio\":\"05\\/09\\/2021\",\"data_fim\":\"24\\/09\\/2021\",\"qtd_inscritos\":10,\"deleted_at\":null,\"created_at\":\"2021-09-06T03:47:28.000000Z\",\"updated_at\":\"2021-09-06T20:17:43.000000Z\"},\"old\":{\"id\":\"945459cd-be55-48be-9b6c-c3704e498ea6\",\"nome\":\"Curso de PHP Avan\\u00e7ado\",\"descricao\":\"<p>Testando conteudo<\\/p>\",\"valor\":\"1.000,00\",\"data_inicio\":\"05\\/09\\/2021\",\"data_fim\":\"05\\/09\\/2021\",\"qtd_inscritos\":10,\"deleted_at\":null,\"created_at\":\"2021-09-06T03:47:28.000000Z\",\"updated_at\":\"2021-09-06T07:00:38.000000Z\"}}', '2021-09-06 20:17:43', '2021-09-06 20:17:43'),
(33, '9453c12f-edd7-4732-aa36-031a04393e14', 'updated', 'App\\Models\\Cursos', '9455bb42-b91b-4bc0-8e86-b07117c15f26', 'App\\Models\\User', '9453c12f-edd7-4732-aa36-031a04393e14', '{\"attributes\":{\"id\":\"9455bb42-b91b-4bc0-8e86-b07117c15f26\",\"nome\":\"Curso de Laravel Avan\\u00e7ado\",\"descricao\":\"<div><ul class=\\\"curso-detalhes-habilidades-list\\\" style=\\\"box-sizing: inherit; margin-right: 1.23em; margin-bottom: 2.25em; margin-left: 1.23em; padding: 0px; text-size-adjust: none; font-size: 0.9375rem; color: rgb(9, 51, 102); font-family: Inter, sans-serif; background-color: rgb(252, 253, 255);\\\"><li class=\\\"curso-detalhes-habilidades-item\\\" style=\\\"box-sizing: inherit; margin: 0px; padding: 0px; text-size-adjust: none; font-size: 1rem; font-stretch: normal; line-height: 1.69;\\\"><span style=\\\"font-family: &quot;Times New Roman&quot;;\\\">Entenda o padr\\u00e3o MVC com Laravel<\\/span><\\/li><li class=\\\"curso-detalhes-habilidades-item\\\" style=\\\"box-sizing: inherit; margin: 0px; padding: 0px; text-size-adjust: none; font-size: 1rem; font-stretch: normal; line-height: 1.69;\\\"><span style=\\\"font-family: &quot;Times New Roman&quot;;\\\">Use o ORM Eloquent para persistir dados<\\/span><\\/li><li class=\\\"curso-detalhes-habilidades-item\\\" style=\\\"box-sizing: inherit; margin: 0px; padding: 0px; text-size-adjust: none; font-size: 1rem; font-stretch: normal; line-height: 1.69;\\\"><span style=\\\"font-family: &quot;Times New Roman&quot;;\\\">Trabalhe com formul\\u00e1rios e valida\\u00e7\\u00e3o<\\/span><\\/li><li class=\\\"curso-detalhes-habilidades-item\\\" style=\\\"box-sizing: inherit; margin: 0px; padding: 0px; text-size-adjust: none; font-size: 1rem; font-stretch: normal; line-height: 1.69;\\\"><span style=\\\"font-family: &quot;Times New Roman&quot;;\\\">Ganhe produtividade no desenvolvimento web<\\/span><\\/li><li class=\\\"curso-detalhes-habilidades-item\\\" style=\\\"box-sizing: inherit; margin: 0px; padding: 0px; text-size-adjust: none; font-size: 1rem; font-stretch: normal; line-height: 1.69;\\\"><span style=\\\"font-family: &quot;Times New Roman&quot;;\\\">Use o Blade para a defini\\u00e7\\u00e3o dos Views<\\/span><\\/li><\\/ul><\\/div>\",\"valor\":\"10.000.000,00\",\"data_inicio\":\"13\\/09\\/2021\",\"data_fim\":\"30\\/09\\/2021\",\"qtd_inscritos\":20,\"deleted_at\":null,\"created_at\":\"2021-09-06T20:15:48.000000Z\",\"updated_at\":\"2021-09-06T20:19:23.000000Z\"},\"old\":{\"id\":\"9455bb42-b91b-4bc0-8e86-b07117c15f26\",\"nome\":\"Curso de Laravel Avan\\u00e7ado\",\"descricao\":\"<div><ul class=\\\"curso-detalhes-habilidades-list\\\" style=\\\"box-sizing: inherit; margin-right: 1.23em; margin-bottom: 2.25em; margin-left: 1.23em; padding: 0px; text-size-adjust: none; font-size: 0.9375rem; color: rgb(9, 51, 102); font-family: Inter, sans-serif; background-color: rgb(252, 253, 255);\\\"><li class=\\\"curso-detalhes-habilidades-item\\\" style=\\\"box-sizing: inherit; margin: 0px; padding: 0px; text-size-adjust: none; font-size: 1rem; font-stretch: normal; line-height: 1.69;\\\"><span style=\\\"font-family: &quot;Times New Roman&quot;;\\\">Entenda o padr\\u00e3o MVC com Laravel<\\/span><\\/li><li class=\\\"curso-detalhes-habilidades-item\\\" style=\\\"box-sizing: inherit; margin: 0px; padding: 0px; text-size-adjust: none; font-size: 1rem; font-stretch: normal; line-height: 1.69;\\\"><span style=\\\"font-family: &quot;Times New Roman&quot;;\\\">Use o ORM Eloquent para persistir dados<\\/span><\\/li><li class=\\\"curso-detalhes-habilidades-item\\\" style=\\\"box-sizing: inherit; margin: 0px; padding: 0px; text-size-adjust: none; font-size: 1rem; font-stretch: normal; line-height: 1.69;\\\"><span style=\\\"font-family: &quot;Times New Roman&quot;;\\\">Trabalhe com formul\\u00e1rios e valida\\u00e7\\u00e3o<\\/span><\\/li><li class=\\\"curso-detalhes-habilidades-item\\\" style=\\\"box-sizing: inherit; margin: 0px; padding: 0px; text-size-adjust: none; font-size: 1rem; font-stretch: normal; line-height: 1.69;\\\"><span style=\\\"font-family: &quot;Times New Roman&quot;;\\\">Ganhe produtividade no desenvolvimento web<\\/span><\\/li><li class=\\\"curso-detalhes-habilidades-item\\\" style=\\\"box-sizing: inherit; margin: 0px; padding: 0px; text-size-adjust: none; font-size: 1rem; font-stretch: normal; line-height: 1.69;\\\"><span style=\\\"font-family: &quot;Times New Roman&quot;;\\\">Use o Blade para a defini\\u00e7\\u00e3o dos Views<\\/span><\\/li><\\/ul><\\/div>\",\"valor\":\"100.000,00\",\"data_inicio\":\"13\\/09\\/2021\",\"data_fim\":\"30\\/09\\/2021\",\"qtd_inscritos\":20,\"deleted_at\":null,\"created_at\":\"2021-09-06T20:15:48.000000Z\",\"updated_at\":\"2021-09-06T20:15:48.000000Z\"}}', '2021-09-06 20:19:23', '2021-09-06 20:19:23'),
(34, 'Gravado pelo Aluno', 'created', 'App\\Models\\User', '9455bf08-7fa9-483a-8e46-6fc112a58aed', NULL, NULL, '{\"attributes\":{\"id\":\"9455bf08-7fa9-483a-8e46-6fc112a58aed\",\"name\":\"Fabr\\u00edcio Moraes\",\"last_name\":\"Moraes\",\"email\":\"user1@prefeitura.com\",\"email_verified_at\":null,\"password\":\"$2y$10$2rqQDfhl92FRJBtRTe9nOOJzRqZsLukeX1ZaMoRF9PyLXqGLEk9GS\",\"remember_token\":null,\"created_at\":\"2021-09-06T20:26:21.000000Z\",\"updated_at\":\"2021-09-06T20:26:21.000000Z\"}}', '2021-09-06 20:26:21', '2021-09-06 20:26:21'),
(35, 'Gravado pelo Aluno', 'created', 'App\\Models\\Aluno', '9455bf08-8a21-4a79-b183-a80d14a286a7', NULL, NULL, '{\"attributes\":{\"id\":\"9455bf08-8a21-4a79-b183-a80d14a286a7\",\"users_id\":\"9455bf08-7fa9-483a-8e46-6fc112a58aed\",\"tipo_pessoa\":1,\"matricula\":\"XVQ3M\",\"cpf\":\"095.939.767-10\",\"data_nascimento\":\"05\\/04\\/1979\",\"telefone\":\"(22)25371-62\",\"celular\":\"()-\",\"deleted_at\":null,\"created_at\":\"2021-09-06T20:26:21.000000Z\",\"updated_at\":\"2021-09-06T20:26:21.000000Z\"}}', '2021-09-06 20:26:21', '2021-09-06 20:26:21'),
(36, 'Gravado pelo Aluno', 'created', 'App\\Models\\Endereco', '9455bf08-8e0b-4db9-b636-41e445608e53', NULL, NULL, '{\"attributes\":{\"id\":\"9455bf08-8e0b-4db9-b636-41e445608e53\",\"aluno_id\":\"9455bf08-8a21-4a79-b183-a80d14a286a7\",\"cep\":\"1\",\"logradouro\":\"28640-000\",\"complemento\":\"Rua: Jos\\u00e9 Cabral Filho\",\"numero\":\"62\",\"bairro\":\"Centro\",\"localidade\":\"Carmo\",\"uf\":\"RJ\",\"ibge\":null,\"gia\":null,\"ddd\":null,\"siafi\":null,\"deleted_at\":null,\"created_at\":\"2021-09-06T20:26:21.000000Z\",\"updated_at\":\"2021-09-06T20:26:21.000000Z\"}}', '2021-09-06 20:26:21', '2021-09-06 20:26:21'),
(37, '9453c12f-edd7-4732-aa36-031a04393e14', 'deleted', 'App\\Models\\Anexos', '94549557-4ac7-42fe-bd9a-7bd24a71f0be', 'App\\Models\\User', '9453c12f-edd7-4732-aa36-031a04393e14', '{\"attributes\":{\"id\":\"94549557-4ac7-42fe-bd9a-7bd24a71f0be\",\"titulo\":\"Teste de Envio\",\"caminho\":\"033356202109066135b654c9219.pdf\",\"deleted_at\":null,\"created_at\":\"2021-06-09T03:00:00.000000Z\",\"updated_at\":\"2021-09-06T06:33:56.000000Z\"}}', '2021-09-09 03:30:41', '2021-09-09 03:30:41'),
(38, '9453c12f-edd7-4732-aa36-031a04393e14', 'created', 'App\\Models\\Anexos', '945a5ce9-6947-48ef-bb95-f9d0fc6e639f', 'App\\Models\\User', '9453c12f-edd7-4732-aa36-031a04393e14', '{\"attributes\":{\"id\":\"945a5ce9-6947-48ef-bb95-f9d0fc6e639f\",\"titulo\":\"Logica de Programa\\u00e7\\u00e3o\",\"caminho\":\"0031072021090961397ffb9040c.pdf\",\"deleted_at\":null,\"created_at\":\"2021-09-09T03:00:00.000000Z\",\"updated_at\":\"2021-09-09T03:31:07.000000Z\"}}', '2021-09-09 03:31:07', '2021-09-09 03:31:07'),
(39, '9453c12f-edd7-4732-aa36-031a04393e14', 'updated', 'App\\Models\\Anexos', '945a5ce9-6947-48ef-bb95-f9d0fc6e639f', 'App\\Models\\User', '9453c12f-edd7-4732-aa36-031a04393e14', '{\"attributes\":{\"id\":\"945a5ce9-6947-48ef-bb95-f9d0fc6e639f\",\"titulo\":\"Logica de Programa\\u00e7\\u00e3o\",\"caminho\":\"00430620210909613982ca610d0.pdf\",\"deleted_at\":null,\"created_at\":\"2021-09-09T03:00:00.000000Z\",\"updated_at\":\"2021-09-09T03:43:06.000000Z\"},\"old\":{\"id\":\"945a5ce9-6947-48ef-bb95-f9d0fc6e639f\",\"titulo\":\"Logica de Programa\\u00e7\\u00e3o\",\"caminho\":\"0031072021090961397ffb9040c.pdf\",\"deleted_at\":null,\"created_at\":\"2021-09-09T03:00:00.000000Z\",\"updated_at\":\"2021-09-09T03:31:07.000000Z\"}}', '2021-09-09 03:43:06', '2021-09-09 03:43:06'),
(40, '9453c12f-edd7-4732-aa36-031a04393e14', 'updated', 'App\\Models\\Anexos', '945a5ce9-6947-48ef-bb95-f9d0fc6e639f', 'App\\Models\\User', '9453c12f-edd7-4732-aa36-031a04393e14', '{\"attributes\":{\"id\":\"945a5ce9-6947-48ef-bb95-f9d0fc6e639f\",\"titulo\":\"Logica de Programa\\u00e7\\u00e3o\",\"caminho\":\"00440520210909613983052182a.pdf\",\"deleted_at\":null,\"created_at\":\"2021-09-09T03:00:00.000000Z\",\"updated_at\":\"2021-09-09T03:44:05.000000Z\"},\"old\":{\"id\":\"945a5ce9-6947-48ef-bb95-f9d0fc6e639f\",\"titulo\":\"Logica de Programa\\u00e7\\u00e3o\",\"caminho\":\"00430620210909613982ca610d0.pdf\",\"deleted_at\":null,\"created_at\":\"2021-09-09T03:00:00.000000Z\",\"updated_at\":\"2021-09-09T03:43:06.000000Z\"}}', '2021-09-09 03:44:05', '2021-09-09 03:44:05'),
(41, '9453c12f-edd7-4732-aa36-031a04393e14', 'updated', 'App\\Models\\Anexos', '945a5ce9-6947-48ef-bb95-f9d0fc6e639f', 'App\\Models\\User', '9453c12f-edd7-4732-aa36-031a04393e14', '{\"attributes\":{\"id\":\"945a5ce9-6947-48ef-bb95-f9d0fc6e639f\",\"titulo\":\"Logica de Programa\\u00e7\\u00e3o PHP\",\"caminho\":\"00465820210909613983b2aa402.pdf\",\"deleted_at\":null,\"created_at\":\"2021-09-09T03:00:00.000000Z\",\"updated_at\":\"2021-09-09T03:46:58.000000Z\"},\"old\":{\"id\":\"945a5ce9-6947-48ef-bb95-f9d0fc6e639f\",\"titulo\":\"Logica de Programa\\u00e7\\u00e3o\",\"caminho\":\"00440520210909613983052182a.pdf\",\"deleted_at\":null,\"created_at\":\"2021-09-09T03:00:00.000000Z\",\"updated_at\":\"2021-09-09T03:44:05.000000Z\"}}', '2021-09-09 03:46:58', '2021-09-09 03:46:58'),
(42, '9453c12f-edd7-4732-aa36-031a04393e14', 'updated', 'App\\Models\\Anexos', '945a5ce9-6947-48ef-bb95-f9d0fc6e639f', 'App\\Models\\User', '9453c12f-edd7-4732-aa36-031a04393e14', '{\"attributes\":{\"id\":\"945a5ce9-6947-48ef-bb95-f9d0fc6e639f\",\"titulo\":\"Logica de Programa\\u00e7\\u00e3o PHP\",\"caminho\":\"00482420210909613984086c176.pdf\",\"deleted_at\":null,\"created_at\":\"2021-09-09T03:00:00.000000Z\",\"updated_at\":\"2021-09-09T03:48:24.000000Z\"},\"old\":{\"id\":\"945a5ce9-6947-48ef-bb95-f9d0fc6e639f\",\"titulo\":\"Logica de Programa\\u00e7\\u00e3o PHP\",\"caminho\":\"00465820210909613983b2aa402.pdf\",\"deleted_at\":null,\"created_at\":\"2021-09-09T03:00:00.000000Z\",\"updated_at\":\"2021-09-09T03:46:58.000000Z\"}}', '2021-09-09 03:48:24', '2021-09-09 03:48:24'),
(43, '9453c12f-edd7-4732-aa36-031a04393e14', 'updated', 'App\\Models\\Anexos', '945a5ce9-6947-48ef-bb95-f9d0fc6e639f', 'App\\Models\\User', '9453c12f-edd7-4732-aa36-031a04393e14', '{\"attributes\":{\"id\":\"945a5ce9-6947-48ef-bb95-f9d0fc6e639f\",\"titulo\":\"Logica de Programa\\u00e7\\u00e3o PHP\",\"caminho\":\"005003202109096139846b34191.pdf\",\"deleted_at\":null,\"created_at\":\"2021-09-09T03:00:00.000000Z\",\"updated_at\":\"2021-09-09T03:50:03.000000Z\"},\"old\":{\"id\":\"945a5ce9-6947-48ef-bb95-f9d0fc6e639f\",\"titulo\":\"Logica de Programa\\u00e7\\u00e3o PHP\",\"caminho\":\"00482420210909613984086c176.pdf\",\"deleted_at\":null,\"created_at\":\"2021-09-09T03:00:00.000000Z\",\"updated_at\":\"2021-09-09T03:48:24.000000Z\"}}', '2021-09-09 03:50:03', '2021-09-09 03:50:03'),
(44, '9453c12f-edd7-4732-aa36-031a04393e14', 'updated', 'App\\Models\\Anexos', '945a5ce9-6947-48ef-bb95-f9d0fc6e639f', 'App\\Models\\User', '9453c12f-edd7-4732-aa36-031a04393e14', '{\"attributes\":{\"id\":\"945a5ce9-6947-48ef-bb95-f9d0fc6e639f\",\"titulo\":\"Logica de Programa\\u00e7\\u00e3o PHP\",\"caminho\":\"00510120210909613984a57056d.pdf\",\"deleted_at\":null,\"created_at\":\"2021-09-09T03:00:00.000000Z\",\"updated_at\":\"2021-09-09T03:51:01.000000Z\"},\"old\":{\"id\":\"945a5ce9-6947-48ef-bb95-f9d0fc6e639f\",\"titulo\":\"Logica de Programa\\u00e7\\u00e3o PHP\",\"caminho\":\"005003202109096139846b34191.pdf\",\"deleted_at\":null,\"created_at\":\"2021-09-09T03:00:00.000000Z\",\"updated_at\":\"2021-09-09T03:50:03.000000Z\"}}', '2021-09-09 03:51:01', '2021-09-09 03:51:01'),
(51, '9453c12f-edd7-4732-aa36-031a04393e14', 'created', 'App\\Models\\User', '945b769b-1738-45cd-87c9-01ae89747ee2', 'App\\Models\\User', '9453c12f-edd7-4732-aa36-031a04393e14', '{\"attributes\":{\"id\":\"945b769b-1738-45cd-87c9-01ae89747ee2\",\"name\":\"Maria\",\"last_name\":\"da Silva\",\"email\":\"mariasilva@gmai.com\",\"email_verified_at\":null,\"password\":\"$2y$10$E86hBWaGqCf8j.xeoy48ounqWWh2Ux6leS6tKmvQGKgTiNoqD5F9.\",\"remember_token\":null,\"created_at\":\"2021-09-09T16:38:48.000000Z\",\"updated_at\":\"2021-09-09T16:38:48.000000Z\"}}', '2021-09-09 16:38:48', '2021-09-09 16:38:48'),
(59, '9453c12f-edd7-4732-aa36-031a04393e14', 'created', 'App\\Models\\User', '945b7ca7-1a28-4c6d-8f7b-6b6a570966b8', 'App\\Models\\User', '9453c12f-edd7-4732-aa36-031a04393e14', '{\"attributes\":{\"id\":\"945b7ca7-1a28-4c6d-8f7b-6b6a570966b8\",\"name\":\"Lucas\",\"last_name\":\"Peixoto\",\"email\":\"lucaspeixoto@prefeitura.com\",\"email_verified_at\":null,\"password\":\"$2y$10$qixJCVjZVFn.2iWkfDy29enwn7Qc4etC13q.uZzITlVXD6T3AG9RG\",\"remember_token\":null,\"created_at\":\"2021-09-09T16:55:42.000000Z\",\"updated_at\":\"2021-09-09T16:55:42.000000Z\"}}', '2021-09-09 16:55:42', '2021-09-09 16:55:42'),
(60, '9453c12f-edd7-4732-aa36-031a04393e14', 'created', 'App\\Models\\Cursos', '9491a14f-2e43-4e92-aa54-d1a5969bbea3', 'App\\Models\\User', '9453c12f-edd7-4732-aa36-031a04393e14', '{\"attributes\":{\"id\":\"9491a14f-2e43-4e92-aa54-d1a5969bbea3\",\"nome\":\"Curso LaraFood + VueFood + FlutterFood\",\"descricao\":\"<p><span style=\\\"color: rgb(143, 143, 143); font-family: Montserrat, sans-serif;\\\">Que tal criar um sistema bem legalz\\u00e3o em Laravel? Vamos criar o LaraFood (o delivery completo feito em Laravel)<\\/span><br><\\/p>\",\"valor\":\"152.000,00\",\"data_inicio\":\"06\\/10\\/2021\",\"data_fim\":\"06\\/10\\/2021\",\"qtd_inscritos\":20,\"deleted_at\":null,\"created_at\":\"2021-10-06T14:52:54.000000Z\",\"updated_at\":\"2021-10-06T14:52:54.000000Z\"}}', '2021-10-06 14:52:54', '2021-10-06 14:52:54'),
(61, '9453c12f-edd7-4732-aa36-031a04393e14', 'created', 'App\\Models\\Cursos', '9491abf8-951b-4521-af29-cfda6b1232ca', 'App\\Models\\User', '9453c12f-edd7-4732-aa36-031a04393e14', '{\"attributes\":{\"id\":\"9491abf8-951b-4521-af29-cfda6b1232ca\",\"nome\":\"Livro Laravel Database - O Guia Definitivo\",\"descricao\":\"<p><span style=\\\"color: rgb(143, 143, 143); font-family: Montserrat, sans-serif;\\\">Aprenda todos os recursos de manipula\\u00e7\\u00e3o de dados dispon\\u00edveis no Laravel, voc\\u00ea ir\\u00e1 aprender que o Laravel \\u00e9 muito rico em recursos e existem v\\u00e1rios recursos escondidos que tornam o nosso trabalho extremamente mais produtivo.<\\/span><br><\\/p>\",\"valor\":\"1.555.522,00\",\"data_inicio\":\"06\\/10\\/2021\",\"data_fim\":\"06\\/10\\/2021\",\"qtd_inscritos\":4,\"deleted_at\":null,\"created_at\":\"2021-10-06T15:22:43.000000Z\",\"updated_at\":\"2021-10-06T15:22:43.000000Z\"}}', '2021-10-06 15:22:43', '2021-10-06 15:22:43'),
(62, '9453c12f-edd7-4732-aa36-031a04393e14', 'created', 'App\\Models\\Cursos', '9491ad0f-76f3-408b-ac54-a0945e70eec2', 'App\\Models\\User', '9453c12f-edd7-4732-aa36-031a04393e14', '{\"attributes\":{\"id\":\"9491ad0f-76f3-408b-ac54-a0945e70eec2\",\"nome\":\"Curso Laravel Multi-Tenancy Multi Database\",\"descricao\":\"<p><span style=\\\"color: rgb(143, 143, 143); font-family: Montserrat, sans-serif;\\\">Aprenda a centralizar diversos tenants no mesmo sistema, e cada uma com o seu pr\\u00f3prio database isolado. Aprenda a trabalhar com conceitos avan\\u00e7ados do Laravel neste curso!<\\/span><br><\\/p>\",\"valor\":\"100.000,00\",\"data_inicio\":\"06\\/10\\/2021\",\"data_fim\":\"06\\/10\\/2021\",\"qtd_inscritos\":4,\"deleted_at\":null,\"created_at\":\"2021-10-06T15:25:46.000000Z\",\"updated_at\":\"2021-10-06T15:25:46.000000Z\"}}', '2021-10-06 15:25:46', '2021-10-06 15:25:46'),
(63, '9453c12f-edd7-4732-aa36-031a04393e14', 'created', 'App\\Models\\Cursos', '9491aebe-a848-40f4-b5ac-cb666b47515d', 'App\\Models\\User', '9453c12f-edd7-4732-aa36-031a04393e14', '{\"attributes\":{\"id\":\"9491aebe-a848-40f4-b5ac-cb666b47515d\",\"nome\":\"Curso Laravel Multi-Tenancy - Single Database\",\"descricao\":\"<h1 class=\\\"heading-17\\\" style=\\\"font-size: 24px; margin-right: 0px; margin-bottom: 0px; margin-left: 0px; font-weight: 500; line-height: 29px; font-family: Montserrat, sans-serif; color: rgb(51, 51, 51);\\\"><span style=\\\"color: rgb(143, 143, 143); font-size: 14px;\\\">Aprenda a criar aplica\\u00e7\\u00f5es que centralizam N empresas. Neste formato facilita a manuten\\u00e7\\u00e3o da aplica\\u00e7\\u00e3o, e cria\\u00e7\\u00e3o de novas features, porque o c\\u00f3digo de todas as empresas \\u00e9 centralizado<\\/span><br><\\/h1>\",\"valor\":\"122.222,00\",\"data_inicio\":\"06\\/10\\/2021\",\"data_fim\":\"06\\/10\\/2021\",\"qtd_inscritos\":2,\"deleted_at\":null,\"created_at\":\"2021-10-06T15:30:28.000000Z\",\"updated_at\":\"2021-10-06T15:30:28.000000Z\"}}', '2021-10-06 15:30:29', '2021-10-06 15:30:29'),
(68, '9453c12f-edd7-4732-aa36-031a04393e14', 'created', 'App\\Models\\Cursos', '9491b01a-db2d-4dc4-8c05-22b31e8df56f', 'App\\Models\\User', '9453c12f-edd7-4732-aa36-031a04393e14', '{\"attributes\":{\"id\":\"9491b01a-db2d-4dc4-8c05-22b31e8df56f\",\"nome\":\"Curso Laravel Multi-Tenancy - Single Database\",\"descricao\":\"<h1 class=\\\"heading-17\\\" style=\\\"font-size: 24px; margin-right: 0px; margin-bottom: 0px; margin-left: 0px; font-weight: 500; line-height: 29px; font-family: Montserrat, sans-serif; color: rgb(51, 51, 51);\\\"><span style=\\\"color: rgb(143, 143, 143); font-size: 14px;\\\">Aprenda a criar aplica\\u00e7\\u00f5es que centralizam N empresas. Neste formato facilita a manuten\\u00e7\\u00e3o da aplica\\u00e7\\u00e3o, e cria\\u00e7\\u00e3o de novas features, porque o c\\u00f3digo de todas as empresas \\u00e9 centralizado<\\/span><br><\\/h1>\",\"valor\":\"122.222,00\",\"data_inicio\":\"06\\/10\\/2021\",\"data_fim\":\"06\\/10\\/2021\",\"qtd_inscritos\":2,\"deleted_at\":null,\"created_at\":\"2021-10-06T15:34:17.000000Z\",\"updated_at\":\"2021-10-06T15:34:17.000000Z\"}}', '2021-10-06 15:34:17', '2021-10-06 15:34:17'),
(69, '9453c12f-edd7-4732-aa36-031a04393e14', 'created', 'App\\Models\\Cursos', '9491b0df-ead0-43a1-b1bd-db1add1ab8c9', 'App\\Models\\User', '9453c12f-edd7-4732-aa36-031a04393e14', '{\"attributes\":{\"id\":\"9491b0df-ead0-43a1-b1bd-db1add1ab8c9\",\"nome\":\"Curso Laravel Multi-Tenancy - Single Database\",\"descricao\":\"<p><span style=\\\"color: rgb(143, 143, 143); font-family: Montserrat, sans-serif;\\\">Aprenda a criar aplica\\u00e7\\u00f5es que centralizam N empresas. Neste formato facilita a manuten\\u00e7\\u00e3o da aplica\\u00e7\\u00e3o, e cria\\u00e7\\u00e3o de novas features, porque o c\\u00f3digo de todas as empresas \\u00e9 centralizado<\\/span><br><\\/p>\",\"valor\":\"155.522,00\",\"data_inicio\":\"06\\/10\\/2021\",\"data_fim\":\"06\\/10\\/2021\",\"qtd_inscritos\":2,\"deleted_at\":null,\"created_at\":\"2021-10-06T15:36:26.000000Z\",\"updated_at\":\"2021-10-06T15:36:26.000000Z\"}}', '2021-10-06 15:36:26', '2021-10-06 15:36:26'),
(70, '9453c12f-edd7-4732-aa36-031a04393e14', 'created', 'App\\Models\\Cursos', '9491b14b-11c1-4c57-bd12-80d70287780d', 'App\\Models\\User', '9453c12f-edd7-4732-aa36-031a04393e14', '{\"attributes\":{\"id\":\"9491b14b-11c1-4c57-bd12-80d70287780d\",\"nome\":\"Curso Laravel Multi-Tenancy - Single Database\",\"descricao\":\"<p><span style=\\\"color: rgb(143, 143, 143); font-family: Montserrat, sans-serif;\\\">Aprenda a criar aplica\\u00e7\\u00f5es que centralizam N empresas. Neste formato facilita a manuten\\u00e7\\u00e3o da aplica\\u00e7\\u00e3o, e cria\\u00e7\\u00e3o de novas features, porque o c\\u00f3digo de todas as empresas \\u00e9 centralizado<\\/span><br><\\/p>\",\"valor\":\"155.522,00\",\"data_inicio\":\"06\\/10\\/2021\",\"data_fim\":\"06\\/10\\/2021\",\"qtd_inscritos\":2,\"deleted_at\":null,\"created_at\":\"2021-10-06T15:37:36.000000Z\",\"updated_at\":\"2021-10-06T15:37:36.000000Z\"}}', '2021-10-06 15:37:36', '2021-10-06 15:37:36'),
(71, '9453c12f-edd7-4732-aa36-031a04393e14', 'created', 'App\\Models\\Cursos', '9491b255-65c7-4a2c-a0e5-e48cc924fc96', 'App\\Models\\User', '9453c12f-edd7-4732-aa36-031a04393e14', '{\"attributes\":{\"id\":\"9491b255-65c7-4a2c-a0e5-e48cc924fc96\",\"nome\":\"Curso Laravel Multi-Tenancy - Single Database\",\"descricao\":\"<p><span style=\\\"color: rgb(143, 143, 143); font-family: Montserrat, sans-serif;\\\">Aprenda a criar aplica\\u00e7\\u00f5es que centralizam N empresas. Neste formato facilita a manuten\\u00e7\\u00e3o da aplica\\u00e7\\u00e3o, e cria\\u00e7\\u00e3o de novas features, porque o c\\u00f3digo de todas as empresas \\u00e9 centralizado<\\/span><br><\\/p>\",\"valor\":\"155.522,00\",\"data_inicio\":\"06\\/10\\/2021\",\"data_fim\":\"06\\/10\\/2021\",\"qtd_inscritos\":2,\"deleted_at\":null,\"created_at\":\"2021-10-06T15:40:31.000000Z\",\"updated_at\":\"2021-10-06T15:40:31.000000Z\"}}', '2021-10-06 15:40:31', '2021-10-06 15:40:31'),
(72, '9453c12f-edd7-4732-aa36-031a04393e14', 'created', 'App\\Models\\Cursos', '9491b28f-02e4-4c12-b129-bb245512107a', 'App\\Models\\User', '9453c12f-edd7-4732-aa36-031a04393e14', '{\"attributes\":{\"id\":\"9491b28f-02e4-4c12-b129-bb245512107a\",\"nome\":\"Curso Laravel Multi-Tenancy - Single Database\",\"descricao\":\"<p><span style=\\\"color: rgb(143, 143, 143); font-family: Montserrat, sans-serif;\\\">Aprenda a criar aplica\\u00e7\\u00f5es que centralizam N empresas. Neste formato facilita a manuten\\u00e7\\u00e3o da aplica\\u00e7\\u00e3o, e cria\\u00e7\\u00e3o de novas features, porque o c\\u00f3digo de todas as empresas \\u00e9 centralizado<\\/span><br><\\/p>\",\"valor\":\"155.522,00\",\"data_inicio\":\"06\\/10\\/2021\",\"data_fim\":\"06\\/10\\/2021\",\"qtd_inscritos\":2,\"deleted_at\":null,\"created_at\":\"2021-10-06T15:41:08.000000Z\",\"updated_at\":\"2021-10-06T15:41:08.000000Z\"}}', '2021-10-06 15:41:08', '2021-10-06 15:41:08'),
(73, '9453c12f-edd7-4732-aa36-031a04393e14', 'created', 'App\\Models\\Cursos', '9491b341-b84e-4aec-aadc-c09b6cfb698a', 'App\\Models\\User', '9453c12f-edd7-4732-aa36-031a04393e14', '{\"attributes\":{\"id\":\"9491b341-b84e-4aec-aadc-c09b6cfb698a\",\"nome\":\"Curso de Laravel Real-time com Vue.js (com pusher)\",\"descricao\":\"<p><span style=\\\"color: rgb(143, 143, 143); font-family: Montserrat, sans-serif;\\\">Aprenda a criar aplica\\u00e7\\u00f5es que trabalham em tempo real. Nesse curso criaremos um projeto pr\\u00e1tico (um chat) que atualiza instantaneamente as informa\\u00e7\\u00f5es, tudo em tempo real<\\/span><br><\\/p>\",\"valor\":\"1.555.200,00\",\"data_inicio\":\"06\\/10\\/2021\",\"data_fim\":\"06\\/10\\/2021\",\"qtd_inscritos\":1,\"deleted_at\":null,\"created_at\":\"2021-10-06T15:43:05.000000Z\",\"updated_at\":\"2021-10-06T15:43:05.000000Z\"}}', '2021-10-06 15:43:05', '2021-10-06 15:43:05'),
(74, '9453c12f-edd7-4732-aa36-031a04393e14', 'created', 'App\\Models\\Cursos', '9491b378-b1d2-427d-a9c9-a151aa6724e3', 'App\\Models\\User', '9453c12f-edd7-4732-aa36-031a04393e14', '{\"attributes\":{\"id\":\"9491b378-b1d2-427d-a9c9-a151aa6724e3\",\"nome\":\"Curso de Laravel Real-time com Vue.js (com pusher)\",\"descricao\":\"<p><span style=\\\"color: rgb(143, 143, 143); font-family: Montserrat, sans-serif;\\\">Aprenda a criar aplica\\u00e7\\u00f5es que trabalham em tempo real. Nesse curso criaremos um projeto pr\\u00e1tico (um chat) que atualiza instantaneamente as informa\\u00e7\\u00f5es, tudo em tempo real<\\/span><br><\\/p>\",\"valor\":\"1.555.200,00\",\"data_inicio\":\"06\\/10\\/2021\",\"data_fim\":\"06\\/10\\/2021\",\"qtd_inscritos\":1,\"deleted_at\":null,\"created_at\":\"2021-10-06T15:43:42.000000Z\",\"updated_at\":\"2021-10-06T15:43:42.000000Z\"}}', '2021-10-06 15:43:42', '2021-10-06 15:43:42'),
(75, '9453c12f-edd7-4732-aa36-031a04393e14', 'created', 'App\\Models\\Cursos', '9491b39c-90fa-4173-96f2-763517b162ca', 'App\\Models\\User', '9453c12f-edd7-4732-aa36-031a04393e14', '{\"attributes\":{\"id\":\"9491b39c-90fa-4173-96f2-763517b162ca\",\"nome\":\"Curso de Laravel Real-time com Vue.js (com pusher)\",\"descricao\":\"<p><span style=\\\"color: rgb(143, 143, 143); font-family: Montserrat, sans-serif;\\\">Aprenda a criar aplica\\u00e7\\u00f5es que trabalham em tempo real. Nesse curso criaremos um projeto pr\\u00e1tico (um chat) que atualiza instantaneamente as informa\\u00e7\\u00f5es, tudo em tempo real<\\/span><br><\\/p>\",\"valor\":\"1.555.200,00\",\"data_inicio\":\"06\\/10\\/2021\",\"data_fim\":\"06\\/10\\/2021\",\"qtd_inscritos\":1,\"deleted_at\":null,\"created_at\":\"2021-10-06T15:44:05.000000Z\",\"updated_at\":\"2021-10-06T15:44:05.000000Z\"}}', '2021-10-06 15:44:05', '2021-10-06 15:44:05'),
(76, '9453c12f-edd7-4732-aa36-031a04393e14', 'created', 'App\\Models\\Cursos', '9491b43f-103d-417a-a123-b10f7c55a309', 'App\\Models\\User', '9453c12f-edd7-4732-aa36-031a04393e14', '{\"attributes\":{\"id\":\"9491b43f-103d-417a-a123-b10f7c55a309\",\"nome\":\"Curso de JavaScript Completo\",\"descricao\":\"<p><span style=\\\"color: rgb(143, 143, 143); font-family: Montserrat, sans-serif;\\\">Esse curso \\u00e9 especialmente para quem nunca jamais trabalhou com a maravilha linguagem de programa\\u00e7\\u00e3o JavaScript (JS), neste curso abordaremos os conceitos b\\u00e1sicos da linguagem aplicando em diversos exemplos reais.<\\/span><br><\\/p>\",\"valor\":\"4.555.522,00\",\"data_inicio\":\"06\\/10\\/2021\",\"data_fim\":\"06\\/10\\/2021\",\"qtd_inscritos\":1,\"deleted_at\":null,\"created_at\":\"2021-10-06T15:45:52.000000Z\",\"updated_at\":\"2021-10-06T15:45:52.000000Z\"}}', '2021-10-06 15:45:52', '2021-10-06 15:45:52'),
(77, '9453c12f-edd7-4732-aa36-031a04393e14', 'created', 'App\\Models\\Cursos', '9491b4b5-352e-4354-abb7-1d57223f023c', 'App\\Models\\User', '9453c12f-edd7-4732-aa36-031a04393e14', '{\"attributes\":{\"id\":\"9491b4b5-352e-4354-abb7-1d57223f023c\",\"nome\":\"Curso de Laravel com Vue.js 2\",\"descricao\":\"<p><span style=\\\"color: rgb(143, 143, 143); font-family: Montserrat, sans-serif;\\\">APRENDA A TRABALHAR COM O PODEROSO FRAMEWORK PHP LARAVEL (API Restful), E AINDA ABUSE DOS RECURSOS DO VUE (SPA) PARA TRABALHAR COM FRONTEND DE MANEIRA TOTALMENTE PROFISSIONAL<\\/span><br><\\/p>\",\"valor\":\"4.552.222,00\",\"data_inicio\":\"06\\/10\\/2021\",\"data_fim\":\"06\\/10\\/2021\",\"qtd_inscritos\":1,\"deleted_at\":null,\"created_at\":\"2021-10-06T15:47:09.000000Z\",\"updated_at\":\"2021-10-06T15:47:09.000000Z\"}}', '2021-10-06 15:47:09', '2021-10-06 15:47:09'),
(84, '9453c12f-edd7-4732-aa36-031a04393e14', 'created', 'App\\Models\\Cursos', '9491c7ac-401a-4f3e-9e56-ad8fc3bcca13', 'App\\Models\\User', '9453c12f-edd7-4732-aa36-031a04393e14', '{\"attributes\":{\"id\":\"9491c7ac-401a-4f3e-9e56-ad8fc3bcca13\",\"nome\":\"Curso de Laravel com Vue.js 2\",\"descricao\":\"<p><span style=\\\"color: rgb(143, 143, 143); font-family: Montserrat, sans-serif;\\\">APRENDA A TRABALHAR COM O PODEROSO FRAMEWORK PHP LARAVEL (API Restful), E AINDA ABUSE DOS RECURSOS DO VUE (SPA) PARA TRABALHAR COM FRONTEND DE MANEIRA TOTALMENTE PROFISSIONAL<\\/span><br><\\/p>\",\"valor\":\"4.552.222,00\",\"data_inicio\":\"06\\/10\\/2021\",\"data_fim\":\"06\\/10\\/2021\",\"qtd_inscritos\":1,\"deleted_at\":null,\"created_at\":\"2021-10-06T16:40:11.000000Z\",\"updated_at\":\"2021-10-06T16:40:11.000000Z\"}}', '2021-10-06 16:40:11', '2021-10-06 16:40:11'),
(85, '9453c12f-edd7-4732-aa36-031a04393e14', 'created', 'App\\Models\\Cursos', '9491c7e8-5c4f-4979-9cb5-5650f5340f36', 'App\\Models\\User', '9453c12f-edd7-4732-aa36-031a04393e14', '{\"attributes\":{\"id\":\"9491c7e8-5c4f-4979-9cb5-5650f5340f36\",\"nome\":\"Curso de Vue JS 2\",\"descricao\":\"<p><span style=\\\"color: rgb(143, 143, 143); font-family: Montserrat, sans-serif;\\\">Aprenda a criar Aplicaes com o Melhor Framework JavaScript da Atualidade, este o Framework JS que mais cresce, tudo por conta da simplicidade e recursos avanados<\\/span><br><\\/p>\",\"valor\":\"512.500,00\",\"data_inicio\":\"06\\/10\\/2021\",\"data_fim\":\"06\\/10\\/2021\",\"qtd_inscritos\":1,\"deleted_at\":null,\"created_at\":\"2021-10-06T16:40:50.000000Z\",\"updated_at\":\"2021-10-06T16:40:50.000000Z\"}}', '2021-10-06 16:40:50', '2021-10-06 16:40:50'),
(86, '9453c12f-edd7-4732-aa36-031a04393e14', 'created', 'App\\Models\\Cursos', '9491c961-70f9-4b04-84d7-7f0808dabbc8', 'App\\Models\\User', '9453c12f-edd7-4732-aa36-031a04393e14', '{\"attributes\":{\"id\":\"9491c961-70f9-4b04-84d7-7f0808dabbc8\",\"nome\":\"Curso de Vue JS 2\",\"descricao\":\"<p><span style=\\\"color: rgb(143, 143, 143); font-family: Montserrat, sans-serif;\\\">Aprenda a criar Aplicaes com o Melhor Framework JavaScript da Atualidade, este o Framework JS que mais cresce, tudo por conta da simplicidade e recursos avanados<\\/span><br><\\/p>\",\"valor\":\"512.500,00\",\"data_inicio\":\"06\\/10\\/2021\",\"data_fim\":\"06\\/10\\/2021\",\"qtd_inscritos\":1,\"deleted_at\":null,\"created_at\":\"2021-10-06T16:44:57.000000Z\",\"updated_at\":\"2021-10-06T16:44:57.000000Z\"}}', '2021-10-06 16:44:57', '2021-10-06 16:44:57'),
(87, '9453c12f-edd7-4732-aa36-031a04393e14', 'created', 'App\\Models\\Cursos', '9491c9cc-5eef-4fe8-95c1-152ce9259cfd', 'App\\Models\\User', '9453c12f-edd7-4732-aa36-031a04393e14', '{\"attributes\":{\"id\":\"9491c9cc-5eef-4fe8-95c1-152ce9259cfd\",\"nome\":\"Curso de Vue JS 2\",\"descricao\":\"<p><span style=\\\"color: rgb(143, 143, 143); font-family: Montserrat, sans-serif;\\\">Aprenda a criar Aplicaes com o Melhor Framework JavaScript da Atualidade, este o Framework JS que mais cresce, tudo por conta da simplicidade e recursos avanados<\\/span><br><\\/p>\",\"valor\":\"512.500,00\",\"data_inicio\":\"06\\/10\\/2021\",\"data_fim\":\"06\\/10\\/2021\",\"qtd_inscritos\":1,\"deleted_at\":null,\"created_at\":\"2021-10-06T16:46:07.000000Z\",\"updated_at\":\"2021-10-06T16:46:07.000000Z\"}}', '2021-10-06 16:46:07', '2021-10-06 16:46:07'),
(88, '9453c12f-edd7-4732-aa36-031a04393e14', 'created', 'App\\Models\\Cursos', '9491c9fa-779c-470f-9ffb-1f611ed5442d', 'App\\Models\\User', '9453c12f-edd7-4732-aa36-031a04393e14', '{\"attributes\":{\"id\":\"9491c9fa-779c-470f-9ffb-1f611ed5442d\",\"nome\":\"Curso de Vue JS 2\",\"descricao\":\"<p><span style=\\\"color: rgb(143, 143, 143); font-family: Montserrat, sans-serif;\\\">Aprenda a criar Aplicaes com o Melhor Framework JavaScript da Atualidade, este o Framework JS que mais cresce, tudo por conta da simplicidade e recursos avanados<\\/span><br><\\/p>\",\"valor\":\"512.500,00\",\"data_inicio\":\"06\\/10\\/2021\",\"data_fim\":\"06\\/10\\/2021\",\"qtd_inscritos\":1,\"deleted_at\":null,\"created_at\":\"2021-10-06T16:46:38.000000Z\",\"updated_at\":\"2021-10-06T16:46:38.000000Z\"}}', '2021-10-06 16:46:38', '2021-10-06 16:46:38'),
(89, '9453c12f-edd7-4732-aa36-031a04393e14', 'created', 'App\\Models\\Cursos', '9491ca2e-1a56-4bb3-9b77-20cd878e270f', 'App\\Models\\User', '9453c12f-edd7-4732-aa36-031a04393e14', '{\"attributes\":{\"id\":\"9491ca2e-1a56-4bb3-9b77-20cd878e270f\",\"nome\":\"Curso de Laravel com Vue.js 2\",\"descricao\":\"<p><span style=\\\"color: rgb(143, 143, 143); font-family: Montserrat, sans-serif;\\\">APRENDA A TRABALHAR COM O PODEROSO FRAMEWORK PHP LARAVEL (API Restful), E AINDA ABUSE DOS RECURSOS DO VUE (SPA) PARA TRABALHAR COM FRONTEND DE MANEIRA TOTALMENTE PROFISSIONAL<\\/span><br><\\/p>\",\"valor\":\"5.699.222,00\",\"data_inicio\":\"06\\/10\\/2021\",\"data_fim\":\"06\\/10\\/2021\",\"qtd_inscritos\":1,\"deleted_at\":null,\"created_at\":\"2021-10-06T16:47:11.000000Z\",\"updated_at\":\"2021-10-06T16:47:11.000000Z\"}}', '2021-10-06 16:47:11', '2021-10-06 16:47:11'),
(90, '9453c12f-edd7-4732-aa36-031a04393e14', 'created', 'App\\Models\\Cursos', '9491ca6c-3e0e-4453-9a2b-3052e6c6a5d6', 'App\\Models\\User', '9453c12f-edd7-4732-aa36-031a04393e14', '{\"attributes\":{\"id\":\"9491ca6c-3e0e-4453-9a2b-3052e6c6a5d6\",\"nome\":\"Curso de Laravel com Vue.js 2\",\"descricao\":\"<p><span style=\\\"color: rgb(143, 143, 143); font-family: Montserrat, sans-serif;\\\">APRENDA A TRABALHAR COM O PODEROSO FRAMEWORK PHP LARAVEL (API Restful), E AINDA ABUSE DOS RECURSOS DO VUE (SPA) PARA TRABALHAR COM FRONTEND DE MANEIRA TOTALMENTE PROFISSIONAL<\\/span><br><\\/p>\",\"valor\":\"5.699.222,00\",\"data_inicio\":\"06\\/10\\/2021\",\"data_fim\":\"06\\/10\\/2021\",\"qtd_inscritos\":1,\"deleted_at\":null,\"created_at\":\"2021-10-06T16:47:52.000000Z\",\"updated_at\":\"2021-10-06T16:47:52.000000Z\"}}', '2021-10-06 16:47:52', '2021-10-06 16:47:52'),
(91, '9453c12f-edd7-4732-aa36-031a04393e14', 'created', 'App\\Models\\Cursos', '9491cac6-4380-4caf-aa93-26e94665e1c6', 'App\\Models\\User', '9453c12f-edd7-4732-aa36-031a04393e14', '{\"attributes\":{\"id\":\"9491cac6-4380-4caf-aa93-26e94665e1c6\",\"nome\":\"Curso de Laravel com Vue.js 2\",\"descricao\":\"<p><span style=\\\"color: rgb(143, 143, 143); font-family: Montserrat, sans-serif;\\\">APRENDA A TRABALHAR COM O PODEROSO FRAMEWORK PHP LARAVEL (API Restful), E AINDA ABUSE DOS RECURSOS DO VUE (SPA) PARA TRABALHAR COM FRONTEND DE MANEIRA TOTALMENTE PROFISSIONAL<\\/span><br><\\/p>\",\"valor\":\"5.699.222,00\",\"data_inicio\":\"06\\/10\\/2021\",\"data_fim\":\"06\\/10\\/2021\",\"qtd_inscritos\":1,\"deleted_at\":null,\"created_at\":\"2021-10-06T16:48:51.000000Z\",\"updated_at\":\"2021-10-06T16:48:51.000000Z\"}}', '2021-10-06 16:48:51', '2021-10-06 16:48:51'),
(92, '9453c12f-edd7-4732-aa36-031a04393e14', 'created', 'App\\Models\\Cursos', '9491cb9b-6bf6-44dc-9b03-03a4f4db0482', 'App\\Models\\User', '9453c12f-edd7-4732-aa36-031a04393e14', '{\"attributes\":{\"id\":\"9491cb9b-6bf6-44dc-9b03-03a4f4db0482\",\"nome\":\"Curso de Laravel com Vue.js 2\",\"descricao\":\"<p><span style=\\\"color: rgb(143, 143, 143); font-family: Montserrat, sans-serif;\\\">APRENDA A TRABALHAR COM O PODEROSO FRAMEWORK PHP LARAVEL (API Restful), E AINDA ABUSE DOS RECURSOS DO VUE (SPA) PARA TRABALHAR COM FRONTEND DE MANEIRA TOTALMENTE PROFISSIONAL<\\/span><br><\\/p>\",\"valor\":\"5.699.222,00\",\"data_inicio\":\"06\\/10\\/2021\",\"data_fim\":\"06\\/10\\/2021\",\"qtd_inscritos\":1,\"deleted_at\":null,\"created_at\":\"2021-10-06T16:51:11.000000Z\",\"updated_at\":\"2021-10-06T16:51:11.000000Z\"}}', '2021-10-06 16:51:11', '2021-10-06 16:51:11'),
(93, '9453c12f-edd7-4732-aa36-031a04393e14', 'created', 'App\\Models\\Cursos', '9491cbbe-f4b6-41ee-b8e3-4429b5d25300', 'App\\Models\\User', '9453c12f-edd7-4732-aa36-031a04393e14', '{\"attributes\":{\"id\":\"9491cbbe-f4b6-41ee-b8e3-4429b5d25300\",\"nome\":\"Curso de Laravel com Vue.js 2\",\"descricao\":\"<p><span style=\\\"color: rgb(143, 143, 143); font-family: Montserrat, sans-serif;\\\">APRENDA A TRABALHAR COM O PODEROSO FRAMEWORK PHP LARAVEL (API Restful), E AINDA ABUSE DOS RECURSOS DO VUE (SPA) PARA TRABALHAR COM FRONTEND DE MANEIRA TOTALMENTE PROFISSIONAL<\\/span><br><\\/p>\",\"valor\":\"5.699.222,00\",\"data_inicio\":\"06\\/10\\/2021\",\"data_fim\":\"06\\/10\\/2021\",\"qtd_inscritos\":1,\"deleted_at\":null,\"created_at\":\"2021-10-06T16:51:34.000000Z\",\"updated_at\":\"2021-10-06T16:51:34.000000Z\"}}', '2021-10-06 16:51:34', '2021-10-06 16:51:34');
INSERT INTO `activity_log` (`id`, `log_name`, `description`, `subject_type`, `subject_id`, `causer_type`, `causer_id`, `properties`, `created_at`, `updated_at`) VALUES
(94, '9453c12f-edd7-4732-aa36-031a04393e14', 'created', 'App\\Models\\Cursos', '9491cc47-2625-468b-9518-a414db0574b5', 'App\\Models\\User', '9453c12f-edd7-4732-aa36-031a04393e14', '{\"attributes\":{\"id\":\"9491cc47-2625-468b-9518-a414db0574b5\",\"nome\":\"Livro Laravel Database - O Guia Definitivo\",\"descricao\":\"<p><span style=\\\"color: rgb(143, 143, 143); font-family: Montserrat, sans-serif;\\\">Aprenda todos os recursos de manipula\\u00e7\\u00e3o de dados dispon\\u00edveis no Laravel, voc\\u00ea ir\\u00e1 aprender que o Laravel \\u00e9 muito rico em recursos e existem v\\u00e1rios recursos escondidos que tornam o nosso trabalho extremamente mais produtivo.<\\/span><br><\\/p>\",\"valor\":\"1.155.522,00\",\"data_inicio\":\"06\\/10\\/2021\",\"data_fim\":\"06\\/10\\/2021\",\"qtd_inscritos\":1,\"deleted_at\":null,\"created_at\":\"2021-10-06T16:53:03.000000Z\",\"updated_at\":\"2021-10-06T16:53:03.000000Z\"}}', '2021-10-06 16:53:03', '2021-10-06 16:53:03'),
(95, '9453c12f-edd7-4732-aa36-031a04393e14', 'created', 'App\\Models\\Cursos', '949284f7-4570-4891-8ced-190360c27b79', 'App\\Models\\User', '9453c12f-edd7-4732-aa36-031a04393e14', '{\"attributes\":{\"id\":\"949284f7-4570-4891-8ced-190360c27b79\",\"nome\":\"Curso LaraFood + VueFood + FlutterFood\",\"descricao\":\"<p><span style=\\\"color: rgb(143, 143, 143); font-family: Montserrat, sans-serif;\\\">Que tal criar um sistema bem legalz\\u00e3o em Laravel? Vamos criar o LaraFood (o delivery completo feito em Laravel)<\\/span><br><\\/p>\",\"valor\":\"100.023,00\",\"data_inicio\":\"06\\/10\\/2021\",\"data_fim\":\"06\\/10\\/2021\",\"qtd_inscritos\":2,\"deleted_at\":null,\"created_at\":\"2021-10-07T01:29:29.000000Z\",\"updated_at\":\"2021-10-07T01:29:29.000000Z\"}}', '2021-10-07 01:29:29', '2021-10-07 01:29:29'),
(96, '9453c12f-edd7-4732-aa36-031a04393e14', 'created', 'App\\Models\\Cursos', '9492881c-c0f7-4a94-9d82-ec7e4deed04e', 'App\\Models\\User', '9453c12f-edd7-4732-aa36-031a04393e14', '{\"attributes\":{\"id\":\"9492881c-c0f7-4a94-9d82-ec7e4deed04e\",\"nome\":\"Livro Laravel Database - O Guia Definitivo\",\"descricao\":\"<p><span style=\\\"color: rgb(143, 143, 143); font-family: Montserrat, sans-serif;\\\">Aprenda todos os recursos de manipula\\u00e7\\u00e3o de dados dispon\\u00edveis no Laravel, voc\\u00ea ir\\u00e1 aprender que o Laravel \\u00e9 muito rico em recursos e existem v\\u00e1rios recursos escondidos que tornam o nosso trabalho extremamente mais produtivo.<\\/span><br><\\/p>\",\"valor\":\"152.222,00\",\"data_inicio\":\"06\\/10\\/2021\",\"data_fim\":\"06\\/10\\/2021\",\"qtd_inscritos\":2,\"deleted_at\":null,\"created_at\":\"2021-10-07T01:38:17.000000Z\",\"updated_at\":\"2021-10-07T01:38:17.000000Z\"}}', '2021-10-07 01:38:17', '2021-10-07 01:38:17'),
(97, '9453c12f-edd7-4732-aa36-031a04393e14', 'created', 'App\\Models\\Cursos', '9492888a-d5ef-44e3-9bce-2b7073e1b5be', 'App\\Models\\User', '9453c12f-edd7-4732-aa36-031a04393e14', '{\"attributes\":{\"id\":\"9492888a-d5ef-44e3-9bce-2b7073e1b5be\",\"nome\":\"Curso Laravel Multi-Tenancy Multi Database\",\"descricao\":\"<p><span style=\\\"color: rgb(143, 143, 143); font-family: Montserrat, sans-serif;\\\">Aprenda a centralizar diversos tenants no mesmo sistema, e cada uma com o seu pr\\u00f3prio database isolado. Aprenda a trabalhar com conceitos avan\\u00e7ados do Laravel neste curso!<\\/span><br><\\/p>\",\"valor\":\"155.533,00\",\"data_inicio\":\"06\\/10\\/2021\",\"data_fim\":\"06\\/10\\/2021\",\"qtd_inscritos\":4,\"deleted_at\":null,\"created_at\":\"2021-10-07T01:39:29.000000Z\",\"updated_at\":\"2021-10-07T01:39:29.000000Z\"}}', '2021-10-07 01:39:29', '2021-10-07 01:39:29'),
(98, '9453c12f-edd7-4732-aa36-031a04393e14', 'created', 'App\\Models\\Cursos', '94928955-cf64-4cec-8569-b3410a90c635', 'App\\Models\\User', '9453c12f-edd7-4732-aa36-031a04393e14', '{\"attributes\":{\"id\":\"94928955-cf64-4cec-8569-b3410a90c635\",\"nome\":\"Curso Laravel Multi-Tenancy - Single DatabaseAprenda a criar aplica\\u00e7\\u00f5es que centralizam N empresas. Neste formato facili\",\"descricao\":\"<p><span style=\\\"color: rgb(143, 143, 143); font-family: Montserrat, sans-serif;\\\">Aprenda a criar aplica\\u00e7\\u00f5es que centralizam N empresas. Neste formato facilita a manuten\\u00e7\\u00e3o da aplica\\u00e7\\u00e3o, e cria\\u00e7\\u00e3o de novas features, porque o c\\u00f3digo de todas as empresas \\u00e9 centralizado<\\/span><br><\\/p>\",\"valor\":\"159.522,00\",\"data_inicio\":\"06\\/10\\/2021\",\"data_fim\":\"06\\/10\\/2021\",\"qtd_inscritos\":2,\"deleted_at\":null,\"created_at\":\"2021-10-07T01:41:42.000000Z\",\"updated_at\":\"2021-10-07T01:41:42.000000Z\"}}', '2021-10-07 01:41:42', '2021-10-07 01:41:42'),
(99, '9453c12f-edd7-4732-aa36-031a04393e14', 'created', 'App\\Models\\Cursos', '949289da-89ca-491d-a986-76e0b03d6f42', 'App\\Models\\User', '9453c12f-edd7-4732-aa36-031a04393e14', '{\"attributes\":{\"id\":\"949289da-89ca-491d-a986-76e0b03d6f42\",\"nome\":\"Curso de JavaScript Completo\",\"descricao\":\"<p><span style=\\\"color: rgb(143, 143, 143); font-family: Montserrat, sans-serif;\\\">Esse curso \\u00e9 especialmente para quem nunca jamais trabalhou com a maravilha linguagem de programa\\u00e7\\u00e3o JavaScript (JS), neste curso abordaremos os conceitos b\\u00e1sicos da linguagem aplicando em diversos exemplos reais.<\\/span><br><\\/p>\",\"valor\":\"5.666.333,00\",\"data_inicio\":\"06\\/10\\/2021\",\"data_fim\":\"06\\/10\\/2021\",\"qtd_inscritos\":1,\"deleted_at\":null,\"created_at\":\"2021-10-07T01:43:09.000000Z\",\"updated_at\":\"2021-10-07T01:43:09.000000Z\"}}', '2021-10-07 01:43:09', '2021-10-07 01:43:09'),
(100, '9453c12f-edd7-4732-aa36-031a04393e14', 'created', 'App\\Models\\Cursos', '94928a34-f26c-4421-98ed-7736ff4ec37e', 'App\\Models\\User', '9453c12f-edd7-4732-aa36-031a04393e14', '{\"attributes\":{\"id\":\"94928a34-f26c-4421-98ed-7736ff4ec37e\",\"nome\":\"Curso de Laravel com Vue.js 2\",\"descricao\":\"<p><span style=\\\"color: rgb(143, 143, 143); font-family: Montserrat, sans-serif;\\\">Aprenda a criar Aplicaes com o Melhor Framework JavaScript da Atualidade, este o Framework JS que mais cresce, tudo por conta da simplicidade e recursos avanados<\\/span><br><\\/p>\",\"valor\":\"155.533,00\",\"data_inicio\":\"06\\/10\\/2021\",\"data_fim\":\"06\\/10\\/2021\",\"qtd_inscritos\":2,\"deleted_at\":null,\"created_at\":\"2021-10-07T01:44:08.000000Z\",\"updated_at\":\"2021-10-07T01:44:08.000000Z\"}}', '2021-10-07 01:44:08', '2021-10-07 01:44:08'),
(101, '9453c12f-edd7-4732-aa36-031a04393e14', 'created', 'App\\Models\\Cursos', '94928e90-e4a6-4373-b735-bb2a1d042853', 'App\\Models\\User', '9453c12f-edd7-4732-aa36-031a04393e14', '{\"attributes\":{\"id\":\"94928e90-e4a6-4373-b735-bb2a1d042853\",\"nome\":\"Curso de Vue JS 2\",\"descricao\":\"<p><span style=\\\"color: rgb(143, 143, 143); font-family: Montserrat, sans-serif;\\\">Esse curso \\u00e9 especialmente para quem nunca jamais trabalhou com a maravilha linguagem de programa\\u00e7\\u00e3o JavaScript (JS), neste curso abordaremos os conceitos b\\u00e1sicos da linguagem aplicando em diversos exemplos reais.<\\/span><br><\\/p>\",\"valor\":\"125.533,00\",\"data_inicio\":\"06\\/10\\/2021\",\"data_fim\":\"06\\/10\\/2021\",\"qtd_inscritos\":55,\"deleted_at\":null,\"created_at\":\"2021-10-07T01:56:19.000000Z\",\"updated_at\":\"2021-10-07T01:56:19.000000Z\"}}', '2021-10-07 01:56:19', '2021-10-07 01:56:19'),
(102, '9453c12f-edd7-4732-aa36-031a04393e14', 'created', 'App\\Models\\Cursos', '94928eb7-c957-4225-b46a-601ab1b9e304', 'App\\Models\\User', '9453c12f-edd7-4732-aa36-031a04393e14', '{\"attributes\":{\"id\":\"94928eb7-c957-4225-b46a-601ab1b9e304\",\"nome\":\"Curso de Vue JS 2\",\"descricao\":\"<p><span style=\\\"color: rgb(143, 143, 143); font-family: Montserrat, sans-serif;\\\">Esse curso \\u00e9 especialmente para quem nunca jamais trabalhou com a maravilha linguagem de programa\\u00e7\\u00e3o JavaScript (JS), neste curso abordaremos os conceitos b\\u00e1sicos da linguagem aplicando em diversos exemplos reais.<\\/span><br><\\/p>\",\"valor\":\"1.255.000,00\",\"data_inicio\":\"06\\/10\\/2021\",\"data_fim\":\"07\\/10\\/2021\",\"qtd_inscritos\":55,\"deleted_at\":null,\"created_at\":\"2021-10-07T01:56:45.000000Z\",\"updated_at\":\"2021-10-07T01:56:45.000000Z\"}}', '2021-10-07 01:56:45', '2021-10-07 01:56:45'),
(103, '9453c12f-edd7-4732-aa36-031a04393e14', 'created', 'App\\Models\\Cursos', '94928f07-3b19-4a8c-84dd-24441955a5ff', 'App\\Models\\User', '9453c12f-edd7-4732-aa36-031a04393e14', '{\"attributes\":{\"id\":\"94928f07-3b19-4a8c-84dd-24441955a5ff\",\"nome\":\"Curso de Vue JS 2\",\"descricao\":\"<p><span style=\\\"color: rgb(143, 143, 143); font-family: Montserrat, sans-serif;\\\">Esse curso \\u00e9 especialmente para quem nunca jamais trabalhou com a maravilha linguagem de programa\\u00e7\\u00e3o JavaScript (JS), neste curso abordaremos os conceitos b\\u00e1sicos da linguagem aplicando em diversos exemplos reais.<\\/span><br><\\/p>\",\"valor\":\"100.023,00\",\"data_inicio\":\"06\\/10\\/2021\",\"data_fim\":\"07\\/10\\/2021\",\"qtd_inscritos\":55,\"deleted_at\":null,\"created_at\":\"2021-10-07T01:57:37.000000Z\",\"updated_at\":\"2021-10-07T01:57:37.000000Z\"}}', '2021-10-07 01:57:37', '2021-10-07 01:57:37'),
(104, '9453c12f-edd7-4732-aa36-031a04393e14', 'created', 'App\\Models\\Cursos', '9492906c-d3d7-4802-a48b-889d9b0869c5', 'App\\Models\\User', '9453c12f-edd7-4732-aa36-031a04393e14', '{\"attributes\":{\"id\":\"9492906c-d3d7-4802-a48b-889d9b0869c5\",\"nome\":\"Curso de Vue JS 2\",\"descricao\":\"<p><span style=\\\"color: rgb(143, 143, 143); font-family: Montserrat, sans-serif;\\\">Esse curso \\u00e9 especialmente para quem nunca jamais trabalhou com a maravilha linguagem de programa\\u00e7\\u00e3o JavaScript (JS), neste curso abordaremos os conceitos b\\u00e1sicos da linguagem aplicando em diversos exemplos reais.<\\/span><br><\\/p>\",\"valor\":\"10.002.300,00\",\"data_inicio\":\"06\\/10\\/2021\",\"data_fim\":\"08\\/10\\/2021\",\"qtd_inscritos\":55,\"deleted_at\":null,\"created_at\":\"2021-10-07T02:01:31.000000Z\",\"updated_at\":\"2021-10-07T02:01:31.000000Z\"}}', '2021-10-07 02:01:31', '2021-10-07 02:01:31'),
(105, '9453c12f-edd7-4732-aa36-031a04393e14', 'created', 'App\\Models\\Cursos', '9492909d-894f-479c-b76c-927a55102857', 'App\\Models\\User', '9453c12f-edd7-4732-aa36-031a04393e14', '{\"attributes\":{\"id\":\"9492909d-894f-479c-b76c-927a55102857\",\"nome\":\"Curso de Vue JS 2\",\"descricao\":\"<p><span style=\\\"color: rgb(143, 143, 143); font-family: Montserrat, sans-serif;\\\">Esse curso \\u00e9 especialmente para quem nunca jamais trabalhou com a maravilha linguagem de programa\\u00e7\\u00e3o JavaScript (JS), neste curso abordaremos os conceitos b\\u00e1sicos da linguagem aplicando em diversos exemplos reais.<\\/span><br><\\/p>\",\"valor\":\"100.000,00\",\"data_inicio\":\"06\\/10\\/2021\",\"data_fim\":\"08\\/10\\/2021\",\"qtd_inscritos\":55,\"deleted_at\":null,\"created_at\":\"2021-10-07T02:02:03.000000Z\",\"updated_at\":\"2021-10-07T02:02:03.000000Z\"}}', '2021-10-07 02:02:03', '2021-10-07 02:02:03'),
(106, '9453c12f-edd7-4732-aa36-031a04393e14', 'created', 'App\\Models\\Cursos', '94929219-0593-476c-ba83-c74ec97177f0', 'App\\Models\\User', '9453c12f-edd7-4732-aa36-031a04393e14', '{\"attributes\":{\"id\":\"94929219-0593-476c-ba83-c74ec97177f0\",\"nome\":\"Curso de Vue JS 2\",\"descricao\":\"<p><span style=\\\"color: rgb(143, 143, 143); font-family: Montserrat, sans-serif;\\\">Esse curso \\u00e9 especialmente para quem nunca jamais trabalhou com a maravilha linguagem de programa\\u00e7\\u00e3o JavaScript (JS), neste curso abordaremos os conceitos b\\u00e1sicos da linguagem aplicando em diversos exemplos reais.<\\/span><br><\\/p>\",\"valor\":\"100.000,00\",\"data_inicio\":\"06\\/10\\/2021\",\"data_fim\":\"08\\/10\\/2021\",\"qtd_inscritos\":55,\"deleted_at\":null,\"created_at\":\"2021-10-07T02:06:12.000000Z\",\"updated_at\":\"2021-10-07T02:06:12.000000Z\"}}', '2021-10-07 02:06:12', '2021-10-07 02:06:12'),
(107, '9453c12f-edd7-4732-aa36-031a04393e14', 'created', 'App\\Models\\Cursos', '949391e8-6757-4029-be7e-4002ba206e79', 'App\\Models\\User', '9453c12f-edd7-4732-aa36-031a04393e14', '{\"attributes\":{\"id\":\"949391e8-6757-4029-be7e-4002ba206e79\",\"nome\":\"Curso LaraFood + VueFood + FlutterFood\",\"descricao\":\"<p><span style=\\\"color: rgb(143, 143, 143); font-family: Montserrat, sans-serif;\\\">Que tal criar um sistema bem legalz\\u00e3o em Laravel? Vamos criar o LaraFood (o delivery completo feito em Laravel)<\\/span><br><\\/p>\",\"valor\":\"100.000,00\",\"data_inicio\":\"30\\/09\\/2021\",\"data_fim\":\"07\\/10\\/2021\",\"qtd_inscritos\":1,\"deleted_at\":null,\"created_at\":\"2021-10-07T14:01:30.000000Z\",\"updated_at\":\"2021-10-07T14:01:30.000000Z\"}}', '2021-10-07 14:01:30', '2021-10-07 14:01:30'),
(108, '9453c12f-edd7-4732-aa36-031a04393e14', 'created', 'App\\Models\\Cursos', '94939702-b590-4258-9339-5023efda42c7', 'App\\Models\\User', '9453c12f-edd7-4732-aa36-031a04393e14', '{\"attributes\":{\"id\":\"94939702-b590-4258-9339-5023efda42c7\",\"nome\":\"Curso LaraFood + VueFood + FlutterFood\",\"descricao\":\"<p><span style=\\\"color: rgb(143, 143, 143); font-family: Montserrat, sans-serif;\\\">Que tal criar um sistema bem legalz\\u00e3o em Laravel? Vamos criar o LaraFood (o delivery completo feito em Laravel)<\\/span><br><\\/p>\",\"valor\":\"2.266.300,00\",\"data_inicio\":\"07\\/10\\/2021\",\"data_fim\":\"07\\/10\\/2021\",\"qtd_inscritos\":1,\"deleted_at\":null,\"created_at\":\"2021-10-07T14:15:46.000000Z\",\"updated_at\":\"2021-10-07T14:15:46.000000Z\"}}', '2021-10-07 14:15:46', '2021-10-07 14:15:46'),
(109, '9453c12f-edd7-4732-aa36-031a04393e14', 'created', 'App\\Models\\Cursos', '949397e3-551a-4891-b2c7-f9f04c5914e3', 'App\\Models\\User', '9453c12f-edd7-4732-aa36-031a04393e14', '{\"attributes\":{\"id\":\"949397e3-551a-4891-b2c7-f9f04c5914e3\",\"nome\":\"Livro Laravel Database - O Guia Definitivo\",\"descricao\":\"<p><span style=\\\"color: rgb(143, 143, 143); font-family: Montserrat, sans-serif;\\\">Que tal criar um sistema bem legalz\\u00e3o em Laravel? Vamos criar o LaraFood (o delivery completo feito em Laravel)<\\/span><br><\\/p>\",\"valor\":\"1.222.200,00\",\"data_inicio\":\"07\\/10\\/2021\",\"data_fim\":\"07\\/10\\/2021\",\"qtd_inscritos\":1,\"deleted_at\":null,\"created_at\":\"2021-10-07T14:18:13.000000Z\",\"updated_at\":\"2021-10-07T14:18:13.000000Z\"}}', '2021-10-07 14:18:13', '2021-10-07 14:18:13'),
(110, '9453c12f-edd7-4732-aa36-031a04393e14', 'created', 'App\\Models\\Cursos', '94939832-4a36-419c-a8ef-b9fb983b4af9', 'App\\Models\\User', '9453c12f-edd7-4732-aa36-031a04393e14', '{\"attributes\":{\"id\":\"94939832-4a36-419c-a8ef-b9fb983b4af9\",\"nome\":\"Curso Laravel Multi-Tenancy - Single Database\",\"descricao\":\"<h1 class=\\\"heading-17\\\" style=\\\"font-size: 24px; margin-right: 0px; margin-bottom: 0px; margin-left: 0px; font-weight: 500; line-height: 29px; font-family: Montserrat, sans-serif; color: rgb(51, 51, 51);\\\"><span style=\\\"color: rgb(143, 143, 143); font-size: 14px;\\\">Aprenda a criar aplica\\u00e7\\u00f5es que centralizam N empresas. Neste formato facilita a manuten\\u00e7\\u00e3o da aplica\\u00e7\\u00e3o, e cria\\u00e7\\u00e3o de novas features, porque o c\\u00f3digo de todas as empresas \\u00e9 centralizado<\\/span><br><\\/h1>\",\"valor\":\"566.633,00\",\"data_inicio\":\"07\\/10\\/2021\",\"data_fim\":\"07\\/10\\/2021\",\"qtd_inscritos\":1,\"deleted_at\":null,\"created_at\":\"2021-10-07T14:19:05.000000Z\",\"updated_at\":\"2021-10-07T14:19:05.000000Z\"}}', '2021-10-07 14:19:05', '2021-10-07 14:19:05'),
(111, '9453c12f-edd7-4732-aa36-031a04393e14', 'created', 'App\\Models\\Cursos', '949399a0-9ef9-41bf-bc83-6621debd4e08', 'App\\Models\\User', '9453c12f-edd7-4732-aa36-031a04393e14', '{\"attributes\":{\"id\":\"949399a0-9ef9-41bf-bc83-6621debd4e08\",\"nome\":\"Curso de JavaScript Completo\",\"descricao\":\"<p><span style=\\\"color: rgb(143, 143, 143); font-family: Montserrat, sans-serif;\\\">Aprenda a centralizar diversos tenants no mesmo sistema, e cada uma com o seu pr\\u00f3prio database isolado. Aprenda a trabalhar com conceitos avan\\u00e7ados do Laravel neste curso!<\\/span><br><\\/p>\",\"valor\":\"155.522,00\",\"data_inicio\":\"07\\/10\\/2021\",\"data_fim\":\"07\\/10\\/2021\",\"qtd_inscritos\":1,\"deleted_at\":null,\"created_at\":\"2021-10-07T14:23:05.000000Z\",\"updated_at\":\"2021-10-07T14:23:05.000000Z\"}}', '2021-10-07 14:23:05', '2021-10-07 14:23:05'),
(112, '9453c12f-edd7-4732-aa36-031a04393e14', 'created', 'App\\Models\\Cursos', '94939c93-0883-48d3-b142-c1e5d3bb747d', 'App\\Models\\User', '9453c12f-edd7-4732-aa36-031a04393e14', '{\"attributes\":{\"id\":\"94939c93-0883-48d3-b142-c1e5d3bb747d\",\"nome\":\"Curso LaraFood + VueFood + FlutterFood\",\"descricao\":\"<p><span style=\\\"color: rgb(143, 143, 143); font-family: Montserrat, sans-serif;\\\">Aprenda todos os recursos de manipula\\u00e7\\u00e3o de dados dispon\\u00edveis no Laravel, voc\\u00ea ir\\u00e1 aprender que o Laravel \\u00e9 muito rico em recursos e existem v\\u00e1rios recursos escondidos que tornam o nosso trabalho extremamente mais produtivo.<\\/span><br><\\/p>\",\"valor\":\"5.666.622,00\",\"data_inicio\":\"07\\/10\\/2021\",\"data_fim\":\"07\\/10\\/2021\",\"qtd_inscritos\":2,\"deleted_at\":null,\"created_at\":\"2021-10-07T14:31:19.000000Z\",\"updated_at\":\"2021-10-07T14:31:19.000000Z\"}}', '2021-10-07 14:31:19', '2021-10-07 14:31:19'),
(113, '9453c12f-edd7-4732-aa36-031a04393e14', 'created', 'App\\Models\\Cursos', '94939da6-8b60-45fe-9484-6d5e9b8a332b', 'App\\Models\\User', '9453c12f-edd7-4732-aa36-031a04393e14', '{\"attributes\":{\"id\":\"94939da6-8b60-45fe-9484-6d5e9b8a332b\",\"nome\":\"Livro Laravel Database - O Guia Definitivo\",\"descricao\":\"<p><span style=\\\"color: rgb(143, 143, 143); font-family: Montserrat, sans-serif;\\\">Aprenda todos os recursos de manipula\\u00e7\\u00e3o de dados dispon\\u00edveis no Laravel, voc\\u00ea ir\\u00e1 aprender que o Laravel \\u00e9 muito rico em recursos e existem v\\u00e1rios recursos escondidos que tornam o nosso trabalho extremamente mais produtivo.<\\/span><br><\\/p>\",\"valor\":\"566.633,00\",\"data_inicio\":\"07\\/10\\/2021\",\"data_fim\":\"07\\/10\\/2021\",\"qtd_inscritos\":1,\"deleted_at\":null,\"created_at\":\"2021-10-07T14:34:20.000000Z\",\"updated_at\":\"2021-10-07T14:34:20.000000Z\"}}', '2021-10-07 14:34:20', '2021-10-07 14:34:20'),
(114, '9453c12f-edd7-4732-aa36-031a04393e14', 'created', 'App\\Models\\Cursos', '94939f57-1c49-44f8-99e8-c540bc529bea', 'App\\Models\\User', '9453c12f-edd7-4732-aa36-031a04393e14', '{\"attributes\":{\"id\":\"94939f57-1c49-44f8-99e8-c540bc529bea\",\"nome\":\"Livro Laravel Database - O Guia Definitivo\",\"descricao\":\"<p><span style=\\\"color: rgb(143, 143, 143); font-family: Montserrat, sans-serif;\\\">Aprenda todos os recursos de manipula\\u00e7\\u00e3o de dados dispon\\u00edveis no Laravel, voc\\u00ea ir\\u00e1 aprender que o Laravel \\u00e9 muito rico em recursos e existem v\\u00e1rios recursos escondidos que tornam o nosso trabalho extremamente mais produtivo.<\\/span><br><\\/p>\",\"valor\":\"344.433,00\",\"data_inicio\":\"07\\/10\\/2021\",\"data_fim\":\"07\\/10\\/2021\",\"qtd_inscritos\":1,\"deleted_at\":null,\"created_at\":\"2021-10-07T14:39:03.000000Z\",\"updated_at\":\"2021-10-07T14:39:03.000000Z\"}}', '2021-10-07 14:39:03', '2021-10-07 14:39:03'),
(115, '9453c12f-edd7-4732-aa36-031a04393e14', 'created', 'App\\Models\\Cursos', '9493c7a3-9efa-4c3b-b0f1-4c0f3737b89f', 'App\\Models\\User', '9453c12f-edd7-4732-aa36-031a04393e14', '{\"attributes\":{\"id\":\"9493c7a3-9efa-4c3b-b0f1-4c0f3737b89f\",\"nome\":\"Curso de Laravel com Vue.js 2\",\"descricao\":\"<p><span style=\\\"color: rgb(143, 143, 143); font-family: Montserrat, sans-serif;\\\">APRENDA A TRABALHAR COM O PODEROSO FRAMEWORK PHP LARAVEL (API Restful), E AINDA ABUSE DOS RECURSOS DO VUE (SPA) PARA TRABALHAR COM FRONTEND DE MANEIRA TOTALMENTE PROFISSIONAL<\\/span><br><\\/p>\",\"valor\":\"155.522,00\",\"data_inicio\":\"07\\/10\\/2021\",\"data_fim\":\"07\\/10\\/2021\",\"qtd_inscritos\":1,\"deleted_at\":null,\"created_at\":\"2021-10-07T16:31:44.000000Z\",\"updated_at\":\"2021-10-07T16:31:44.000000Z\"}}', '2021-10-07 16:31:44', '2021-10-07 16:31:44'),
(116, '9453c12f-edd7-4732-aa36-031a04393e14', 'created', 'App\\Models\\Cursos', '9493c7f9-162e-41f0-9d2c-cb0b4f34bf0e', 'App\\Models\\User', '9453c12f-edd7-4732-aa36-031a04393e14', '{\"attributes\":{\"id\":\"9493c7f9-162e-41f0-9d2c-cb0b4f34bf0e\",\"nome\":\"Curso de Laravel com Vue.js 2\",\"descricao\":\"<p><span style=\\\"color: rgb(143, 143, 143); font-family: Montserrat, sans-serif;\\\">APRENDA A TRABALHAR COM O PODEROSO FRAMEWORK PHP LARAVEL (API Restful), E AINDA ABUSE DOS RECURSOS DO VUE (SPA) PARA TRABALHAR COM FRONTEND DE MANEIRA TOTALMENTE PROFISSIONAL<\\/span><br><\\/p>\",\"valor\":\"155.522,00\",\"data_inicio\":\"07\\/10\\/2021\",\"data_fim\":\"07\\/10\\/2021\",\"qtd_inscritos\":1,\"deleted_at\":null,\"created_at\":\"2021-10-07T16:32:40.000000Z\",\"updated_at\":\"2021-10-07T16:32:40.000000Z\"}}', '2021-10-07 16:32:40', '2021-10-07 16:32:40'),
(117, '9453c12f-edd7-4732-aa36-031a04393e14', 'created', 'App\\Models\\Cursos', '9493c857-c890-4027-b2f5-c79b3dfc7836', 'App\\Models\\User', '9453c12f-edd7-4732-aa36-031a04393e14', '{\"attributes\":{\"id\":\"9493c857-c890-4027-b2f5-c79b3dfc7836\",\"nome\":\"Curso de Laravel Real-time com Vue.js (com pusher)\",\"descricao\":\"<p><span style=\\\"color: rgb(143, 143, 143); font-family: Montserrat, sans-serif;\\\">Aprenda a criar aplica\\u00e7\\u00f5es que trabalham em tempo real. Nesse curso criaremos um projeto pr\\u00e1tico (um chat) que atualiza instantaneamente as informa\\u00e7\\u00f5es, tudo em tempo real<\\/span><br><\\/p>\",\"valor\":\"155.522,00\",\"data_inicio\":\"07\\/10\\/2021\",\"data_fim\":\"07\\/10\\/2021\",\"qtd_inscritos\":1,\"deleted_at\":null,\"created_at\":\"2021-10-07T16:33:42.000000Z\",\"updated_at\":\"2021-10-07T16:33:42.000000Z\"}}', '2021-10-07 16:33:43', '2021-10-07 16:33:43'),
(118, '9453c12f-edd7-4732-aa36-031a04393e14', 'created', 'App\\Models\\Cursos', '9493c8d1-f2e5-4e08-b3ef-d48b1e4ea509', 'App\\Models\\User', '9453c12f-edd7-4732-aa36-031a04393e14', '{\"attributes\":{\"id\":\"9493c8d1-f2e5-4e08-b3ef-d48b1e4ea509\",\"nome\":\"Curso de Laravel Real-time com Vue.js (com pusher)\",\"descricao\":\"<p><span style=\\\"color: rgb(143, 143, 143); font-family: Montserrat, sans-serif;\\\">Aprenda a criar aplica\\u00e7\\u00f5es que trabalham em tempo real. Nesse curso criaremos um projeto pr\\u00e1tico (um chat) que atualiza instantaneamente as informa\\u00e7\\u00f5es, tudo em tempo real<\\/span><br><\\/p>\",\"valor\":\"155.522,00\",\"data_inicio\":\"07\\/10\\/2021\",\"data_fim\":\"07\\/10\\/2021\",\"qtd_inscritos\":1,\"deleted_at\":null,\"created_at\":\"2021-10-07T16:35:03.000000Z\",\"updated_at\":\"2021-10-07T16:35:03.000000Z\"}}', '2021-10-07 16:35:03', '2021-10-07 16:35:03'),
(119, '9453c12f-edd7-4732-aa36-031a04393e14', 'created', 'App\\Models\\Cursos', '9493c9f7-6eed-4b31-905d-c6490ef42f39', 'App\\Models\\User', '9453c12f-edd7-4732-aa36-031a04393e14', '{\"attributes\":{\"id\":\"9493c9f7-6eed-4b31-905d-c6490ef42f39\",\"nome\":\"Curso LaraFood + VueFood + FlutterFood\",\"descricao\":\"<p><span style=\\\"color: rgb(143, 143, 143); font-family: Montserrat, sans-serif;\\\">Aprenda a criar aplica\\u00e7\\u00f5es que trabalham em tempo real. Nesse curso criaremos um projeto pr\\u00e1tico (um chat) que atualiza instantaneamente as informa\\u00e7\\u00f5es, tudo em tempo real<\\/span><br><\\/p>\",\"valor\":\"155.522,00\",\"data_inicio\":\"07\\/10\\/2021\",\"data_fim\":\"07\\/10\\/2021\",\"qtd_inscritos\":1,\"deleted_at\":null,\"created_at\":\"2021-10-07T16:38:15.000000Z\",\"updated_at\":\"2021-10-07T16:38:15.000000Z\"}}', '2021-10-07 16:38:15', '2021-10-07 16:38:15'),
(120, '9453c12f-edd7-4732-aa36-031a04393e14', 'created', 'App\\Models\\Cursos', '9493ca2e-651e-4b0d-ab99-d0f9543fd084', 'App\\Models\\User', '9453c12f-edd7-4732-aa36-031a04393e14', '{\"attributes\":{\"id\":\"9493ca2e-651e-4b0d-ab99-d0f9543fd084\",\"nome\":\"Curso LaraFood + VueFood + FlutterFood\",\"descricao\":\"<p><span style=\\\"color: rgb(143, 143, 143); font-family: Montserrat, sans-serif;\\\">Aprenda a criar aplica\\u00e7\\u00f5es que trabalham em tempo real. Nesse curso criaremos um projeto pr\\u00e1tico (um chat) que atualiza instantaneamente as informa\\u00e7\\u00f5es, tudo em tempo real<\\/span><br><\\/p>\",\"valor\":\"155.522,00\",\"data_inicio\":\"07\\/10\\/2021\",\"data_fim\":\"07\\/10\\/2021\",\"qtd_inscritos\":1,\"deleted_at\":null,\"created_at\":\"2021-10-07T16:38:51.000000Z\",\"updated_at\":\"2021-10-07T16:38:51.000000Z\"}}', '2021-10-07 16:38:51', '2021-10-07 16:38:51'),
(121, '9453c12f-edd7-4732-aa36-031a04393e14', 'created', 'App\\Models\\Cursos', '9493cb19-e7cb-4eb5-bfdf-c27e1d7c61b0', 'App\\Models\\User', '9453c12f-edd7-4732-aa36-031a04393e14', '{\"attributes\":{\"id\":\"9493cb19-e7cb-4eb5-bfdf-c27e1d7c61b0\",\"nome\":\"Curso LaraFood + VueFood + FlutterFood\",\"descricao\":\"<p><span style=\\\"color: rgb(143, 143, 143); font-family: Montserrat, sans-serif;\\\">Aprenda a criar aplica\\u00e7\\u00f5es que trabalham em tempo real. Nesse curso criaremos um projeto pr\\u00e1tico (um chat) que atualiza instantaneamente as informa\\u00e7\\u00f5es, tudo em tempo real<\\/span><br><\\/p>\",\"valor\":\"155.522,00\",\"data_inicio\":\"07\\/10\\/2021\",\"data_fim\":\"07\\/10\\/2021\",\"qtd_inscritos\":1,\"deleted_at\":null,\"created_at\":\"2021-10-07T16:41:25.000000Z\",\"updated_at\":\"2021-10-07T16:41:25.000000Z\"}}', '2021-10-07 16:41:25', '2021-10-07 16:41:25'),
(122, '9453c12f-edd7-4732-aa36-031a04393e14', 'created', 'App\\Models\\Cursos', '9493d520-c969-45fb-b316-30ef80b1e218', 'App\\Models\\User', '9453c12f-edd7-4732-aa36-031a04393e14', '{\"attributes\":{\"id\":\"9493d520-c969-45fb-b316-30ef80b1e218\",\"nome\":\"Curso de Vue JS 2\",\"descricao\":\"<p><span style=\\\"color: rgb(143, 143, 143); font-family: Montserrat, sans-serif;\\\">Aprenda a criar Aplicaes com o Melhor Framework JavaScript da Atualidade, este o Framework JS que mais cresce, tudo por conta da simplicidade e recursos avanados<\\/span><br><\\/p>\",\"valor\":\"232.333,00\",\"data_inicio\":\"07\\/10\\/2021\",\"data_fim\":\"07\\/10\\/2021\",\"qtd_inscritos\":1,\"deleted_at\":null,\"created_at\":\"2021-10-07T17:09:27.000000Z\",\"updated_at\":\"2021-10-07T17:09:27.000000Z\"}}', '2021-10-07 17:09:28', '2021-10-07 17:09:28'),
(123, '9453c12f-edd7-4732-aa36-031a04393e14', 'created', 'App\\Models\\Cursos', '9493d87f-9035-4951-9ab6-29fd3c1d587a', 'App\\Models\\User', '9453c12f-edd7-4732-aa36-031a04393e14', '{\"attributes\":{\"id\":\"9493d87f-9035-4951-9ab6-29fd3c1d587a\",\"nome\":\"Curso de Laravel com Vue.js 2\",\"descricao\":\"<p><span style=\\\"color: rgb(143, 143, 143); font-family: Montserrat, sans-serif;\\\">Aprenda a criar Aplicaes com o Melhor Framework JavaScript da Atualidade, este o Framework JS que mais cresce, tudo por conta da simplicidade e recursos avanados<\\/span><br><\\/p>\",\"valor\":\"155.533,00\",\"data_inicio\":\"07\\/10\\/2021\",\"data_fim\":\"07\\/10\\/2021\",\"qtd_inscritos\":1,\"deleted_at\":null,\"created_at\":\"2021-10-07T17:18:53.000000Z\",\"updated_at\":\"2021-10-07T17:18:53.000000Z\"}}', '2021-10-07 17:18:53', '2021-10-07 17:18:53'),
(124, '9453c12f-edd7-4732-aa36-031a04393e14', 'created', 'App\\Models\\Cursos', '9493d9da-eb44-47a3-8173-b00111ee7289', 'App\\Models\\User', '9453c12f-edd7-4732-aa36-031a04393e14', '{\"attributes\":{\"id\":\"9493d9da-eb44-47a3-8173-b00111ee7289\",\"nome\":\"Curso de JavaScript Completo\",\"descricao\":\"<p><span style=\\\"color: rgb(143, 143, 143); font-family: Montserrat, sans-serif;\\\">Esse curso \\u00e9 especialmente para quem nunca jamais trabalhou com a maravilha linguagem de programa\\u00e7\\u00e3o JavaScript (JS), neste curso abordaremos os conceitos b\\u00e1sicos da linguagem aplicando em diversos exemplos reais.<\\/span><br><\\/p>\",\"valor\":\"4.343.422,00\",\"data_inicio\":\"07\\/10\\/2021\",\"data_fim\":\"07\\/10\\/2021\",\"qtd_inscritos\":1,\"deleted_at\":null,\"created_at\":\"2021-10-07T17:22:41.000000Z\",\"updated_at\":\"2021-10-07T17:22:41.000000Z\"}}', '2021-10-07 17:22:41', '2021-10-07 17:22:41'),
(125, '9453c12f-edd7-4732-aa36-031a04393e14', 'created', 'App\\Models\\Cursos', '9493dce3-ce7f-4d76-b475-ca6a6301f879', 'App\\Models\\User', '9453c12f-edd7-4732-aa36-031a04393e14', '{\"attributes\":{\"id\":\"9493dce3-ce7f-4d76-b475-ca6a6301f879\",\"nome\":\"Curso de Laravel com Vue.js 2\",\"descricao\":\"<p><span style=\\\"color: rgb(143, 143, 143); font-family: Montserrat, sans-serif;\\\">APRENDA A TRABALHAR COM O PODEROSO FRAMEWORK PHP LARAVEL (API Restful), E AINDA ABUSE DOS RECURSOS DO VUE (SPA) PARA TRABALHAR COM FRONTEND DE MANEIRA TOTALMENTE PROFISSIONAL<\\/span><br><\\/p>\",\"valor\":\"455.500,00\",\"data_inicio\":\"07\\/10\\/2021\",\"data_fim\":\"07\\/10\\/2021\",\"qtd_inscritos\":1,\"deleted_at\":null,\"created_at\":\"2021-10-07T17:31:10.000000Z\",\"updated_at\":\"2021-10-07T17:31:10.000000Z\"}}', '2021-10-07 17:31:10', '2021-10-07 17:31:10'),
(126, '9453c12f-edd7-4732-aa36-031a04393e14', 'created', 'App\\Models\\Cursos', '9493ddd2-f863-40ae-ac62-37bbd4c503db', 'App\\Models\\User', '9453c12f-edd7-4732-aa36-031a04393e14', '{\"attributes\":{\"id\":\"9493ddd2-f863-40ae-ac62-37bbd4c503db\",\"nome\":\"Curso de Laravel com Vue.js 2\",\"descricao\":\"<p><span style=\\\"color: rgb(143, 143, 143); font-family: Montserrat, sans-serif;\\\">Esse curso \\u00e9 especialmente para quem nunca jamais trabalhou com a maravilha linguagem de programa\\u00e7\\u00e3o JavaScript (JS), neste curso abordaremos os conceitos b\\u00e1sicos da linguagem aplicando em diversos exemplos reais.<\\/span><br><\\/p>\",\"valor\":\"1.222.200,00\",\"data_inicio\":\"07\\/10\\/2021\",\"data_fim\":\"07\\/10\\/2021\",\"qtd_inscritos\":1,\"deleted_at\":null,\"created_at\":\"2021-10-07T17:33:46.000000Z\",\"updated_at\":\"2021-10-07T17:33:46.000000Z\"}}', '2021-10-07 17:33:46', '2021-10-07 17:33:46'),
(127, '9453c12f-edd7-4732-aa36-031a04393e14', 'created', 'App\\Models\\Cursos', '9493dde0-561f-4d90-a481-61220590bc3d', 'App\\Models\\User', '9453c12f-edd7-4732-aa36-031a04393e14', '{\"attributes\":{\"id\":\"9493dde0-561f-4d90-a481-61220590bc3d\",\"nome\":\"Curso de Laravel com Vue.js 3\",\"descricao\":\"<p><span style=\\\"color: rgb(143, 143, 143); font-family: Montserrat, sans-serif;\\\">Esse curso \\u00e9 especialmente para quem nunca jamais trabalhou com a maravilha linguagem de programa\\u00e7\\u00e3o JavaScript (JS), neste curso abordaremos os conceitos b\\u00e1sicos da linguagem aplicando em diversos exemplos reais.<\\/span><br><\\/p>\",\"valor\":\"122.220.000,00\",\"data_inicio\":\"07\\/10\\/2021\",\"data_fim\":\"07\\/10\\/2021\",\"qtd_inscritos\":1,\"deleted_at\":null,\"created_at\":\"2021-10-07T17:33:55.000000Z\",\"updated_at\":\"2021-10-07T17:33:55.000000Z\"}}', '2021-10-07 17:33:55', '2021-10-07 17:33:55'),
(128, '9453c12f-edd7-4732-aa36-031a04393e14', 'created', 'App\\Models\\Cursos', '9493df19-91e1-4ea4-bb56-ce98e977488e', 'App\\Models\\User', '9453c12f-edd7-4732-aa36-031a04393e14', '{\"attributes\":{\"id\":\"9493df19-91e1-4ea4-bb56-ce98e977488e\",\"nome\":\"Curso de JavaScript Completo\",\"descricao\":\"<p><span style=\\\"color: rgb(143, 143, 143); font-family: Montserrat, sans-serif;\\\">Esse curso \\u00e9 especialmente para quem nunca jamais trabalhou com a maravilha linguagem de programa\\u00e7\\u00e3o JavaScript (JS), neste curso abordaremos os conceitos b\\u00e1sicos da linguagem aplicando em diversos exemplos reais.<\\/span><br><\\/p>\",\"valor\":\"2.323.233,00\",\"data_inicio\":\"07\\/10\\/2021\",\"data_fim\":\"07\\/10\\/2021\",\"qtd_inscritos\":1,\"deleted_at\":null,\"created_at\":\"2021-10-07T17:37:20.000000Z\",\"updated_at\":\"2021-10-07T17:37:20.000000Z\"}}', '2021-10-07 17:37:21', '2021-10-07 17:37:21'),
(129, '9453c12f-edd7-4732-aa36-031a04393e14', 'created', 'App\\Models\\Cursos', '9493df86-edf1-435b-9d55-4bff2b4ffef5', 'App\\Models\\User', '9453c12f-edd7-4732-aa36-031a04393e14', '{\"attributes\":{\"id\":\"9493df86-edf1-435b-9d55-4bff2b4ffef5\",\"nome\":\"Curso de JavaScript Completo\",\"descricao\":\"<p><span style=\\\"color: rgb(143, 143, 143); font-family: Montserrat, sans-serif;\\\">Esse curso \\u00e9 especialmente para quem nunca jamais trabalhou com a maravilha linguagem de programa\\u00e7\\u00e3o JavaScript (JS), neste curso abordaremos os conceitos b\\u00e1sicos da linguagem aplicando em diverso<\\/span><br><\\/p>\",\"valor\":\"888.822,00\",\"data_inicio\":\"07\\/10\\/2021\",\"data_fim\":\"07\\/10\\/2021\",\"qtd_inscritos\":1,\"deleted_at\":null,\"created_at\":\"2021-10-07T17:38:32.000000Z\",\"updated_at\":\"2021-10-07T17:38:32.000000Z\"}}', '2021-10-07 17:38:32', '2021-10-07 17:38:32'),
(130, '9453c12f-edd7-4732-aa36-031a04393e14', 'created', 'App\\Models\\Cursos', '9494074e-af01-4de8-948b-82ba59583eb3', 'App\\Models\\User', '9453c12f-edd7-4732-aa36-031a04393e14', '{\"attributes\":{\"id\":\"9494074e-af01-4de8-948b-82ba59583eb3\",\"nome\":\"Curso de JavaScript Completo\",\"descricao\":\"<p><span style=\\\"color: rgb(143, 143, 143); font-family: Montserrat, sans-serif;\\\">Aprenda a criar aplica\\u00e7\\u00f5es que trabalham em tempo real. Nesse curso criaremos um projeto pr\\u00e1tico (um chat) que atualiza instantaneamente as informa\\u00e7\\u00f5es, tudo em tempo real<\\/span><br><\\/p>\",\"valor\":\"122.200,00\",\"data_inicio\":\"07\\/10\\/2021\",\"data_fim\":\"07\\/10\\/2021\",\"qtd_inscritos\":1,\"deleted_at\":null,\"created_at\":\"2021-10-07T19:29:46.000000Z\",\"updated_at\":\"2021-10-07T19:29:46.000000Z\"}}', '2021-10-07 19:29:46', '2021-10-07 19:29:46'),
(131, '9453c12f-edd7-4732-aa36-031a04393e14', 'created', 'App\\Models\\Cursos', '9494075c-21c6-4c81-9345-2ab15cb12d29', 'App\\Models\\User', '9453c12f-edd7-4732-aa36-031a04393e14', '{\"attributes\":{\"id\":\"9494075c-21c6-4c81-9345-2ab15cb12d29\",\"nome\":\"Curso de JavaScript Completo-3\",\"descricao\":\"<p><span style=\\\"color: rgb(143, 143, 143); font-family: Montserrat, sans-serif;\\\">Aprenda a criar aplica\\u00e7\\u00f5es que trabalham em tempo real. Nesse curso criaremos um projeto pr\\u00e1tico (um chat) que atualiza instantaneamente as informa\\u00e7\\u00f5es, tudo em tempo real<\\/span><br><\\/p>\",\"valor\":\"12.220.000,00\",\"data_inicio\":\"07\\/10\\/2021\",\"data_fim\":\"07\\/10\\/2021\",\"qtd_inscritos\":1,\"deleted_at\":null,\"created_at\":\"2021-10-07T19:29:55.000000Z\",\"updated_at\":\"2021-10-07T19:29:55.000000Z\"}}', '2021-10-07 19:29:55', '2021-10-07 19:29:55'),
(132, '9453c12f-edd7-4732-aa36-031a04393e14', 'created', 'App\\Models\\Cursos', '9494076e-edcf-4120-8241-4affa5675813', 'App\\Models\\User', '9453c12f-edd7-4732-aa36-031a04393e14', '{\"attributes\":{\"id\":\"9494076e-edcf-4120-8241-4affa5675813\",\"nome\":\"Curso de JavaScript Completo\",\"descricao\":\"<p><span style=\\\"color: rgb(143, 143, 143); font-family: Montserrat, sans-serif;\\\">Aprenda a criar aplica\\u00e7\\u00f5es que trabalham em tempo real. Nesse curso criaremos um projeto pr\\u00e1tico (um chat) que atualiza instantaneamente as informa\\u00e7\\u00f5es, tudo em tempo real<\\/span><br><\\/p>\",\"valor\":\"12.220.000,00\",\"data_inicio\":\"07\\/10\\/2021\",\"data_fim\":\"07\\/10\\/2021\",\"qtd_inscritos\":1,\"deleted_at\":null,\"created_at\":\"2021-10-07T19:30:07.000000Z\",\"updated_at\":\"2021-10-07T19:30:07.000000Z\"}}', '2021-10-07 19:30:07', '2021-10-07 19:30:07'),
(133, '9453c12f-edd7-4732-aa36-031a04393e14', 'created', 'App\\Models\\Cursos', '94940aa9-9c2d-406c-930d-bb07cf359711', 'App\\Models\\User', '9453c12f-edd7-4732-aa36-031a04393e14', '{\"attributes\":{\"id\":\"94940aa9-9c2d-406c-930d-bb07cf359711\",\"nome\":\"Curso de JavaScript Completo\",\"descricao\":\"<p><span style=\\\"color: rgb(143, 143, 143); font-family: Montserrat, sans-serif;\\\">Esse curso \\u00e9 especialmente para quem nunca jamais trabalhou com a maravilha linguagem de programa\\u00e7\\u00e3o JavaScript (JS), neste curso abordaremos os conceitos b\\u00e1sicos da linguagem aplicando em diversos exemplos reais.<\\/span><br><\\/p>\",\"valor\":\"158.522,00\",\"data_inicio\":\"07\\/10\\/2021\",\"data_fim\":\"07\\/10\\/2021\",\"qtd_inscritos\":1,\"deleted_at\":null,\"created_at\":\"2021-10-07T19:39:09.000000Z\",\"updated_at\":\"2021-10-07T19:39:09.000000Z\"}}', '2021-10-07 19:39:09', '2021-10-07 19:39:09'),
(134, '9453c12f-edd7-4732-aa36-031a04393e14', 'created', 'App\\Models\\Cursos', '94941030-2d50-4c81-a2bd-4e55ad07c2eb', 'App\\Models\\User', '9453c12f-edd7-4732-aa36-031a04393e14', '{\"attributes\":{\"id\":\"94941030-2d50-4c81-a2bd-4e55ad07c2eb\",\"nome\":\"Livro Laravel Database - O Guia Definitivo\",\"descricao\":\"<p><span style=\\\"color: rgb(143, 143, 143); font-family: Montserrat, sans-serif;\\\">Aprenda todos os recursos de manipula\\u00e7\\u00e3o de dados dispon\\u00edveis no Laravel, voc\\u00ea ir\\u00e1 aprender que o Laravel \\u00e9 muito rico em recursos e existem v\\u00e1rios recursos escondidos que tornam o nosso trabalho extremamente mais produtivo.<\\/span><br><\\/p>\",\"valor\":\"155.500,00\",\"data_inicio\":\"07\\/10\\/2021\",\"data_fim\":\"07\\/10\\/2021\",\"qtd_inscritos\":1,\"deleted_at\":null,\"created_at\":\"2021-10-07T19:54:36.000000Z\",\"updated_at\":\"2021-10-07T19:54:36.000000Z\"}}', '2021-10-07 19:54:36', '2021-10-07 19:54:36'),
(135, '9453c12f-edd7-4732-aa36-031a04393e14', 'created', 'App\\Models\\Cursos', '949411b8-518e-4e7f-bf70-8f2a6e70a568', 'App\\Models\\User', '9453c12f-edd7-4732-aa36-031a04393e14', '{\"attributes\":{\"id\":\"949411b8-518e-4e7f-bf70-8f2a6e70a568\",\"nome\":\"Curso LaraFood + VueFood + FlutterFood\",\"descricao\":\"<p><span style=\\\"color: rgb(143, 143, 143); font-family: Montserrat, sans-serif;\\\">Que tal criar um sistema bem legalz\\u00e3o em Laravel? Vamos criar o LaraFood (o delivery completo feito em Laravel)<\\/span><br><\\/p>\",\"valor\":\"566.633,00\",\"data_inicio\":\"07\\/10\\/2021\",\"data_fim\":\"07\\/10\\/2021\",\"qtd_inscritos\":1,\"deleted_at\":null,\"created_at\":\"2021-10-07T19:58:53.000000Z\",\"updated_at\":\"2021-10-07T19:58:53.000000Z\"}}', '2021-10-07 19:58:53', '2021-10-07 19:58:53'),
(136, '9453c12f-edd7-4732-aa36-031a04393e14', 'created', 'App\\Models\\Cursos', '9494130d-9544-460d-aa17-f163c97694a9', 'App\\Models\\User', '9453c12f-edd7-4732-aa36-031a04393e14', '{\"attributes\":{\"id\":\"9494130d-9544-460d-aa17-f163c97694a9\",\"nome\":\"Livro Laravel Database - O Guia Definitivo\",\"descricao\":\"<p><span style=\\\"color: rgb(143, 143, 143); font-family: Montserrat, sans-serif;\\\">Aprenda todos os recursos de manipula\\u00e7\\u00e3o de dados dispon\\u00edveis no Laravel, voc\\u00ea ir\\u00e1 aprender que o Laravel \\u00e9 muito rico em recursos e existem v\\u00e1rios recursos escondidos que tornam o nosso trabalho extremamente mais produtivo.<\\/span><br><\\/p>\",\"valor\":\"155.500,00\",\"data_inicio\":\"07\\/10\\/2021\",\"data_fim\":\"07\\/10\\/2021\",\"qtd_inscritos\":1,\"deleted_at\":null,\"created_at\":\"2021-10-07T20:02:37.000000Z\",\"updated_at\":\"2021-10-07T20:02:37.000000Z\"}}', '2021-10-07 20:02:37', '2021-10-07 20:02:37'),
(137, '9453c12f-edd7-4732-aa36-031a04393e14', 'created', 'App\\Models\\Cursos', '949416e1-41f7-4b71-abd9-4203df2ea777', 'App\\Models\\User', '9453c12f-edd7-4732-aa36-031a04393e14', '{\"attributes\":{\"id\":\"949416e1-41f7-4b71-abd9-4203df2ea777\",\"nome\":\"Curso LaraFood + VueFood + FlutterFood\",\"descricao\":\"<p><span style=\\\"color: rgb(143, 143, 143); font-family: Montserrat, sans-serif;\\\">Aprenda todos os recursos de manipula\\u00e7\\u00e3o de dados dispon\\u00edveis no Laravel, voc\\u00ea ir\\u00e1 aprender que o Laravel \\u00e9 muito rico em recursos e existem v\\u00e1rios recursos escondidos que tornam o nosso trabalho extremamente mais produtivo.<\\/span><br><\\/p>\",\"valor\":\"4.555.200,00\",\"data_inicio\":\"08\\/10\\/2021\",\"data_fim\":\"06\\/10\\/2021\",\"qtd_inscritos\":1,\"deleted_at\":null,\"created_at\":\"2021-10-07T20:13:19.000000Z\",\"updated_at\":\"2021-10-07T20:13:19.000000Z\"}}', '2021-10-07 20:13:19', '2021-10-07 20:13:19'),
(138, '9453c12f-edd7-4732-aa36-031a04393e14', 'created', 'App\\Models\\Cursos', '949418ea-be7e-4162-aa50-c02e31f4f7bb', 'App\\Models\\User', '9453c12f-edd7-4732-aa36-031a04393e14', '{\"attributes\":{\"id\":\"949418ea-be7e-4162-aa50-c02e31f4f7bb\",\"nome\":\"Livro Laravel Database - O Guia Definitivo\",\"descricao\":\"<p><span style=\\\"color: rgb(143, 143, 143); font-family: Montserrat, sans-serif;\\\">Aprenda todos os recursos de manipula\\u00e7\\u00e3o de dados dispon\\u00edveis no Laravel, voc\\u00ea ir\\u00e1 aprender que o Laravel \\u00e9 muito rico em recursos e existem v\\u00e1rios recursos escondidos que tornam o nosso trabalho extremamente mais produtivo.<\\/span><br><\\/p>\",\"valor\":\"566.633,00\",\"data_inicio\":\"30\\/09\\/2021\",\"data_fim\":\"07\\/10\\/2021\",\"qtd_inscritos\":1,\"deleted_at\":null,\"created_at\":\"2021-10-07T20:19:01.000000Z\",\"updated_at\":\"2021-10-07T20:19:01.000000Z\"}}', '2021-10-07 20:19:01', '2021-10-07 20:19:01'),
(139, '9453c12f-edd7-4732-aa36-031a04393e14', 'created', 'App\\Models\\Cursos', '94941c9f-5c15-46b8-bb7d-75faf757425c', 'App\\Models\\User', '9453c12f-edd7-4732-aa36-031a04393e14', '{\"attributes\":{\"id\":\"94941c9f-5c15-46b8-bb7d-75faf757425c\",\"nome\":\"Curso Laravel Multi-Tenancy Multi Database\",\"descricao\":\"<p><span style=\\\"color: rgb(143, 143, 143); font-family: Montserrat, sans-serif;\\\">Aprenda todos os recursos de manipula\\u00e7\\u00e3o de dados dispon\\u00edveis no Laravel, voc\\u00ea ir\\u00e1 aprender que o Laravel \\u00e9 muito rico em recursos e existem v\\u00e1rios recursos escondidos que tornam o nosso trabalho extremamente mais produtivo.<\\/span><br><\\/p>\",\"valor\":\"2.323.232,00\",\"data_inicio\":\"07\\/10\\/2021\",\"data_fim\":\"07\\/10\\/2021\",\"qtd_inscritos\":1,\"deleted_at\":null,\"created_at\":\"2021-10-07T20:29:22.000000Z\",\"updated_at\":\"2021-10-07T20:29:22.000000Z\"}}', '2021-10-07 20:29:22', '2021-10-07 20:29:22'),
(140, '9453c12f-edd7-4732-aa36-031a04393e14', 'deleted', 'App\\Models\\Cursos', '94941c9f-5c15-46b8-bb7d-75faf757425c', 'App\\Models\\User', '9453c12f-edd7-4732-aa36-031a04393e14', '{\"attributes\":{\"id\":\"94941c9f-5c15-46b8-bb7d-75faf757425c\",\"nome\":\"Curso Laravel Multi-Tenancy Multi Database\",\"descricao\":\"<p><span style=\\\"color: rgb(143, 143, 143); font-family: Montserrat, sans-serif;\\\">Aprenda todos os recursos de manipula\\u00e7\\u00e3o de dados dispon\\u00edveis no Laravel, voc\\u00ea ir\\u00e1 aprender que o Laravel \\u00e9 muito rico em recursos e existem v\\u00e1rios recursos escondidos que tornam o nosso trabalho extremamente mais produtivo.<\\/span><br><\\/p>\",\"valor\":\"2.323.232,00\",\"data_inicio\":\"07\\/10\\/2021\",\"data_fim\":\"07\\/10\\/2021\",\"qtd_inscritos\":1,\"deleted_at\":null,\"created_at\":\"2021-10-07T20:29:22.000000Z\",\"updated_at\":\"2021-10-07T20:29:22.000000Z\"}}', '2021-10-07 20:33:30', '2021-10-07 20:33:30'),
(141, '9453c12f-edd7-4732-aa36-031a04393e14', 'created', 'App\\Models\\Cursos', '94941ece-9d6d-4b8e-8933-11c2d3419434', 'App\\Models\\User', '9453c12f-edd7-4732-aa36-031a04393e14', '{\"attributes\":{\"id\":\"94941ece-9d6d-4b8e-8933-11c2d3419434\",\"nome\":\"Livro Laravel Database - O Guia Definitivo\",\"descricao\":\"<p><span style=\\\"color: rgb(143, 143, 143); font-family: Montserrat, sans-serif;\\\">Aprenda a centralizar diversos tenants no mesmo sistema, e cada uma com o seu pr\\u00f3prio database isolado. Aprenda a trabalhar com conceitos avan\\u00e7ados do Laravel neste curso!<\\/span><br><\\/p>\",\"valor\":\"455.566,00\",\"data_inicio\":\"14\\/10\\/2021\",\"data_fim\":\"13\\/10\\/2021\",\"qtd_inscritos\":1,\"deleted_at\":null,\"created_at\":\"2021-10-07T20:35:29.000000Z\",\"updated_at\":\"2021-10-07T20:35:29.000000Z\"}}', '2021-10-07 20:35:29', '2021-10-07 20:35:29'),
(142, '9453c12f-edd7-4732-aa36-031a04393e14', 'deleted', 'App\\Models\\Cursos', '94941ece-9d6d-4b8e-8933-11c2d3419434', 'App\\Models\\User', '9453c12f-edd7-4732-aa36-031a04393e14', '{\"attributes\":{\"id\":\"94941ece-9d6d-4b8e-8933-11c2d3419434\",\"nome\":\"Livro Laravel Database - O Guia Definitivo\",\"descricao\":\"<p><span style=\\\"color: rgb(143, 143, 143); font-family: Montserrat, sans-serif;\\\">Aprenda a centralizar diversos tenants no mesmo sistema, e cada uma com o seu pr\\u00f3prio database isolado. Aprenda a trabalhar com conceitos avan\\u00e7ados do Laravel neste curso!<\\/span><br><\\/p>\",\"valor\":\"455.566,00\",\"data_inicio\":\"14\\/10\\/2021\",\"data_fim\":\"13\\/10\\/2021\",\"qtd_inscritos\":1,\"deleted_at\":null,\"created_at\":\"2021-10-07T20:35:29.000000Z\",\"updated_at\":\"2021-10-07T20:35:29.000000Z\"}}', '2021-10-07 20:36:13', '2021-10-07 20:36:13'),
(143, '9453c12f-edd7-4732-aa36-031a04393e14', 'created', 'App\\Models\\Cursos', '94941f6b-f9ca-448b-acda-29e264f94bec', 'App\\Models\\User', '9453c12f-edd7-4732-aa36-031a04393e14', '{\"attributes\":{\"id\":\"94941f6b-f9ca-448b-acda-29e264f94bec\",\"nome\":\"Curso LaraFood + VueFood + FlutterFood\",\"descricao\":\"<p><span style=\\\"color: rgb(143, 143, 143); font-family: Montserrat, sans-serif;\\\">Que tal criar um <b>sistema <\\/b>bem legalz\\u00e3o em Laravel? Vamos criar o LaraFood (o delivery completo feito em Laravel)<\\/span><br><\\/p>\",\"valor\":\"155.522,00\",\"data_inicio\":\"07\\/10\\/2021\",\"data_fim\":\"14\\/10\\/2021\",\"qtd_inscritos\":1,\"deleted_at\":null,\"created_at\":\"2021-10-07T20:37:12.000000Z\",\"updated_at\":\"2021-10-07T20:37:12.000000Z\"}}', '2021-10-07 20:37:12', '2021-10-07 20:37:12'),
(144, '9453c12f-edd7-4732-aa36-031a04393e14', 'created', 'App\\Models\\Cursos', '94941f7a-8949-4481-8aa0-f59078245331', 'App\\Models\\User', '9453c12f-edd7-4732-aa36-031a04393e14', '{\"attributes\":{\"id\":\"94941f7a-8949-4481-8aa0-f59078245331\",\"nome\":\"Curso LaraFood + VueFood + FlutterFood\",\"descricao\":\"<p><span style=\\\"color: rgb(143, 143, 143); font-family: Montserrat, sans-serif;\\\">Que tal criar um <b>sistema <\\/b>bem legalz\\u00e3o em Laravel? Vamos criar o LaraFood (o delivery completo feito em Laravel)<\\/span><br><\\/p>\",\"valor\":\"100.023,00\",\"data_inicio\":\"07\\/10\\/2021\",\"data_fim\":\"14\\/10\\/2021\",\"qtd_inscritos\":1,\"deleted_at\":null,\"created_at\":\"2021-10-07T20:37:21.000000Z\",\"updated_at\":\"2021-10-07T20:37:21.000000Z\"}}', '2021-10-07 20:37:21', '2021-10-07 20:37:21'),
(145, '9453c12f-edd7-4732-aa36-031a04393e14', 'deleted', 'App\\Models\\Cursos', '94941f7a-8949-4481-8aa0-f59078245331', 'App\\Models\\User', '9453c12f-edd7-4732-aa36-031a04393e14', '{\"attributes\":{\"id\":\"94941f7a-8949-4481-8aa0-f59078245331\",\"nome\":\"Curso LaraFood + VueFood + FlutterFood\",\"descricao\":\"<p><span style=\\\"color: rgb(143, 143, 143); font-family: Montserrat, sans-serif;\\\">Que tal criar um <b>sistema <\\/b>bem legalz\\u00e3o em Laravel? Vamos criar o LaraFood (o delivery completo feito em Laravel)<\\/span><br><\\/p>\",\"valor\":\"100.023,00\",\"data_inicio\":\"07\\/10\\/2021\",\"data_fim\":\"14\\/10\\/2021\",\"qtd_inscritos\":1,\"deleted_at\":null,\"created_at\":\"2021-10-07T20:37:21.000000Z\",\"updated_at\":\"2021-10-07T20:37:21.000000Z\"}}', '2021-10-07 20:37:29', '2021-10-07 20:37:29'),
(146, '9453c12f-edd7-4732-aa36-031a04393e14', 'created', 'App\\Models\\Cursos', '94941fad-437f-4696-95a1-16ec98c373f3', 'App\\Models\\User', '9453c12f-edd7-4732-aa36-031a04393e14', '{\"attributes\":{\"id\":\"94941fad-437f-4696-95a1-16ec98c373f3\",\"nome\":\"Livro Laravel Database - O Guia Definitivo\",\"descricao\":\"<p><span style=\\\"color: rgb(143, 143, 143); font-family: Montserrat, sans-serif;\\\">Aprenda todos os recursos de manipula\\u00e7\\u00e3o de dados dispon\\u00edveis no Laravel, voc\\u00ea ir\\u00e1 aprender que o Laravel \\u00e9 muito rico em recursos e existem v\\u00e1rios recursos escondidos que tornam o nosso trabalho extremamente mais produtivo.<\\/span><br><\\/p>\",\"valor\":\"154.533,00\",\"data_inicio\":\"08\\/10\\/2021\",\"data_fim\":\"15\\/10\\/2021\",\"qtd_inscritos\":1,\"deleted_at\":null,\"created_at\":\"2021-10-07T20:37:55.000000Z\",\"updated_at\":\"2021-10-07T20:37:55.000000Z\"}}', '2021-10-07 20:37:55', '2021-10-07 20:37:55'),
(147, '9453c12f-edd7-4732-aa36-031a04393e14', 'created', 'App\\Models\\Cursos', '94942afa-f88f-4974-a162-25e0b8d6709a', 'App\\Models\\User', '9453c12f-edd7-4732-aa36-031a04393e14', '{\"attributes\":{\"id\":\"94942afa-f88f-4974-a162-25e0b8d6709a\",\"nome\":\"Livro Laravel Database - O Guia Definitivo\",\"descricao\":\"<p><span style=\\\"color: rgb(143, 143, 143); font-family: Montserrat, sans-serif;\\\">Aprenda todos os recursos de manipula\\u00e7\\u00e3o de dados dispon\\u00edveis no Laravel, voc\\u00ea ir\\u00e1 aprender que o Laravel \\u00e9 muito rico em recursos e existem v\\u00e1rios recursos escondidos que tornam o nosso trabalho extremamente mais produtivo.<\\/span><br><\\/p>\",\"valor\":\"455.522,00\",\"data_inicio\":\"07\\/10\\/2021\",\"data_fim\":\"07\\/10\\/2021\",\"qtd_inscritos\":1,\"deleted_at\":null,\"created_at\":\"2021-10-07T21:09:31.000000Z\",\"updated_at\":\"2021-10-07T21:09:31.000000Z\"}}', '2021-10-07 21:09:31', '2021-10-07 21:09:31');
INSERT INTO `activity_log` (`id`, `log_name`, `description`, `subject_type`, `subject_id`, `causer_type`, `causer_id`, `properties`, `created_at`, `updated_at`) VALUES
(148, '9453c12f-edd7-4732-aa36-031a04393e14', 'created', 'App\\Models\\Cursos', '94942b4c-c620-451a-82e0-4acf92ed9187', 'App\\Models\\User', '9453c12f-edd7-4732-aa36-031a04393e14', '{\"attributes\":{\"id\":\"94942b4c-c620-451a-82e0-4acf92ed9187\",\"nome\":\"Livro Laravel Database - O Guia Definitivo\",\"descricao\":\"<p><span style=\\\"color: rgb(143, 143, 143); font-family: Montserrat, sans-serif;\\\">Aprenda todos os recursos de manipula\\u00e7\\u00e3o de dados dispon\\u00edveis no Laravel, voc\\u00ea ir\\u00e1 aprender que o Laravel \\u00e9 muito rico em recursos e existem v\\u00e1rios recursos escondidos que tornam o nosso trabalho extremamente mais produtivo.<\\/span><br><\\/p>\",\"valor\":\"1.555.222,00\",\"data_inicio\":\"07\\/10\\/2021\",\"data_fim\":\"07\\/10\\/2021\",\"qtd_inscritos\":1,\"deleted_at\":null,\"created_at\":\"2021-10-07T21:10:25.000000Z\",\"updated_at\":\"2021-10-07T21:10:25.000000Z\"}}', '2021-10-07 21:10:25', '2021-10-07 21:10:25'),
(149, '9453c12f-edd7-4732-aa36-031a04393e14', 'created', 'App\\Models\\Cursos', '94942e18-5e67-465b-9fb2-d37dd07de767', 'App\\Models\\User', '9453c12f-edd7-4732-aa36-031a04393e14', '{\"attributes\":{\"id\":\"94942e18-5e67-465b-9fb2-d37dd07de767\",\"nome\":\"Livro Laravel Database - O Guia Definitivo\",\"descricao\":\"<p><span style=\\\"color: rgb(143, 143, 143); font-family: Montserrat, sans-serif;\\\">Aprenda todos os recursos de manipula\\u00e7\\u00e3o de dados dispon\\u00edveis no Laravel, voc\\u00ea ir\\u00e1 aprender que o Laravel \\u00e9 muito rico em recursos e existem v\\u00e1rios recursos escondidos que tornam o nosso trabalho extremamente mais produtivo.<\\/span><br><\\/p>\",\"valor\":\"122.200,00\",\"data_inicio\":\"07\\/10\\/2021\",\"data_fim\":\"07\\/10\\/2021\",\"qtd_inscritos\":1,\"deleted_at\":null,\"created_at\":\"2021-10-07T21:18:14.000000Z\",\"updated_at\":\"2021-10-07T21:18:14.000000Z\"}}', '2021-10-07 21:18:14', '2021-10-07 21:18:14'),
(150, '9453c12f-edd7-4732-aa36-031a04393e14', 'created', 'App\\Models\\Cursos', '94942e56-99b5-4d4c-ac8c-d20b5a9ab3a6', 'App\\Models\\User', '9453c12f-edd7-4732-aa36-031a04393e14', '{\"attributes\":{\"id\":\"94942e56-99b5-4d4c-ac8c-d20b5a9ab3a6\",\"nome\":\"Livro Laravel Database - O Guia Definitivo\",\"descricao\":\"<p><span style=\\\"color: rgb(143, 143, 143); font-family: Montserrat, sans-serif;\\\">Aprenda todos os recursos de manipula\\u00e7\\u00e3o de dados dispon\\u00edveis no Laravel, voc\\u00ea ir\\u00e1 aprender que o Laravel \\u00e9 muito rico em recursos e existem v\\u00e1rios recursos escondidos que tornam o nosso trabalho extremamente mais produtivo.<\\/span><br><\\/p>\",\"valor\":\"122.533,00\",\"data_inicio\":\"07\\/10\\/2021\",\"data_fim\":\"07\\/10\\/2021\",\"qtd_inscritos\":1,\"deleted_at\":null,\"created_at\":\"2021-10-07T21:18:54.000000Z\",\"updated_at\":\"2021-10-07T21:18:54.000000Z\"}}', '2021-10-07 21:18:54', '2021-10-07 21:18:54'),
(151, '9453c12f-edd7-4732-aa36-031a04393e14', 'created', 'App\\Models\\Cursos', '949430ea-48c3-44c8-a757-25bbfcd90e3c', 'App\\Models\\User', '9453c12f-edd7-4732-aa36-031a04393e14', '{\"attributes\":{\"id\":\"949430ea-48c3-44c8-a757-25bbfcd90e3c\",\"nome\":\"Livro Laravel Database - O Guia Definitivo\",\"descricao\":\"<p><span style=\\\"color: rgb(143, 143, 143); font-family: Montserrat, sans-serif;\\\">Aprenda todos os recursos de manipula\\u00e7\\u00e3o de dados dispon\\u00edveis no Laravel, voc\\u00ea ir\\u00e1 aprender que o Laravel \\u00e9 muito rico em recursos e existem v\\u00e1rios recursos escondidos que tornam o nosso trabalho extremamente mais produtivo.<\\/span><br><\\/p>\",\"valor\":\"155.522,00\",\"data_inicio\":\"07\\/10\\/2021\",\"data_fim\":\"07\\/10\\/2021\",\"qtd_inscritos\":1,\"deleted_at\":null,\"created_at\":\"2021-10-07T21:26:07.000000Z\",\"updated_at\":\"2021-10-07T21:26:07.000000Z\"}}', '2021-10-07 21:26:07', '2021-10-07 21:26:07'),
(152, '9453c12f-edd7-4732-aa36-031a04393e14', 'created', 'App\\Models\\Cursos', '94943119-1758-4623-9df1-1cfbc3b515b7', 'App\\Models\\User', '9453c12f-edd7-4732-aa36-031a04393e14', '{\"attributes\":{\"id\":\"94943119-1758-4623-9df1-1cfbc3b515b7\",\"nome\":\"Livro Laravel Database - O Guia Definitivo -9 \",\"descricao\":\"<p><span style=\\\"color: rgb(143, 143, 143); font-family: Montserrat, sans-serif;\\\">Aprenda todos os recursos de manipula\\u00e7\\u00e3o de dados dispon\\u00edveis no Laravel, voc\\u00ea ir\\u00e1 aprender que o Laravel \\u00e9 muito rico em recursos e existem v\\u00e1rios recursos escondidos que tornam o nosso trabalho extremamente mais produtivo.<\\/span><br><\\/p>\",\"valor\":\"15.552.200,00\",\"data_inicio\":\"07\\/10\\/2021\",\"data_fim\":\"07\\/10\\/2021\",\"qtd_inscritos\":1,\"deleted_at\":null,\"created_at\":\"2021-10-07T21:26:37.000000Z\",\"updated_at\":\"2021-10-07T21:26:37.000000Z\"}}', '2021-10-07 21:26:38', '2021-10-07 21:26:38'),
(154, '9453c12f-edd7-4732-aa36-031a04393e14', 'created', 'App\\Models\\Anexos', '94943b1d-65fe-4b53-afdd-5b2c5396829d', 'App\\Models\\User', '9453c12f-edd7-4732-aa36-031a04393e14', '{\"attributes\":{\"id\":\"94943b1d-65fe-4b53-afdd-5b2c5396829d\",\"titulo\":\"fsdfssfsfsfsfsfsfs\",\"caminho\":\"18543820211007615f6c9e7d852\",\"deleted_at\":null,\"created_at\":\"2021-07-10T03:00:00.000000Z\",\"updated_at\":\"2021-10-07T21:54:38.000000Z\"}}', '2021-10-07 21:54:38', '2021-10-07 21:54:38'),
(155, '9453c12f-edd7-4732-aa36-031a04393e14', 'created', 'App\\Models\\Anexos', '94943c24-72f4-4d33-86c3-50bebd28c5ac', 'App\\Models\\User', '9453c12f-edd7-4732-aa36-031a04393e14', '{\"attributes\":{\"id\":\"94943c24-72f4-4d33-86c3-50bebd28c5ac\",\"titulo\":\"Livro Laravel Database - O Guia Definitivo -9\",\"caminho\":\"18573020211007615f6d4add8e3\",\"deleted_at\":null,\"created_at\":\"2021-07-10T03:00:00.000000Z\",\"updated_at\":\"2021-10-07T21:57:30.000000Z\"}}', '2021-10-07 21:57:30', '2021-10-07 21:57:30'),
(166, '9453c12f-edd7-4732-aa36-031a04393e14', 'created', 'App\\Models\\Anexos', '94943f13-0324-49d0-b1ca-667f92ddf600', 'App\\Models\\User', '9453c12f-edd7-4732-aa36-031a04393e14', '{\"attributes\":{\"id\":\"94943f13-0324-49d0-b1ca-667f92ddf600\",\"titulo\":\"Livro Laravel Database - O Guia Definitivo -9\",\"caminho\":\"19054220211007615f6f36c3daf\",\"deleted_at\":null,\"created_at\":\"2021-07-10T03:00:00.000000Z\",\"updated_at\":\"2021-10-07T22:05:42.000000Z\"}}', '2021-10-07 22:05:42', '2021-10-07 22:05:42'),
(167, '9453c12f-edd7-4732-aa36-031a04393e14', 'created', 'App\\Models\\Anexos', '94944119-5f77-40d1-bcdb-d3d5a0e4f0af', 'App\\Models\\User', '9453c12f-edd7-4732-aa36-031a04393e14', '{\"attributes\":{\"id\":\"94944119-5f77-40d1-bcdb-d3d5a0e4f0af\",\"titulo\":\"Livro Laravel Database - O Guia Definitivo -10\",\"caminho\":\"19112220211007615f708a7c105\",\"deleted_at\":null,\"created_at\":\"2021-07-10T03:00:00.000000Z\",\"updated_at\":\"2021-10-07T22:11:22.000000Z\"}}', '2021-10-07 22:11:22', '2021-10-07 22:11:22'),
(168, '9453c12f-edd7-4732-aa36-031a04393e14', 'created', 'App\\Models\\Cursos', '949441c8-71af-466a-b825-e68eff48f6d4', 'App\\Models\\User', '9453c12f-edd7-4732-aa36-031a04393e14', '{\"attributes\":{\"id\":\"949441c8-71af-466a-b825-e68eff48f6d4\",\"nome\":\"Livro Laravel Database - O Guia Definitivo -9 \",\"descricao\":\"<p><span style=\\\"color: rgb(143, 143, 143); font-family: Montserrat, sans-serif;\\\">Aprenda todos os recursos de manipula\\u00e7\\u00e3o de dados dispon\\u00edveis no Laravel, voc\\u00ea ir\\u00e1 aprender que o Laravel \\u00e9 muito rico em recursos e existem v\\u00e1rios recursos escondidos que tornam o nosso trabalho extremamente mais produtivo.<\\/span><br><\\/p>\",\"valor\":\"1.520.000,00\",\"data_inicio\":\"07\\/10\\/2021\",\"data_fim\":\"07\\/10\\/2021\",\"qtd_inscritos\":1,\"deleted_at\":null,\"created_at\":\"2021-10-07T22:13:17.000000Z\",\"updated_at\":\"2021-10-07T22:13:17.000000Z\"}}', '2021-10-07 22:13:17', '2021-10-07 22:13:17'),
(169, '9453c12f-edd7-4732-aa36-031a04393e14', 'created', 'App\\Models\\Cursos', '949441df-a6bb-4323-aec3-248870102485', 'App\\Models\\User', '9453c12f-edd7-4732-aa36-031a04393e14', '{\"attributes\":{\"id\":\"949441df-a6bb-4323-aec3-248870102485\",\"nome\":\"Livro Laravel Database - O Guia Definitivo - 12\",\"descricao\":\"<p><span style=\\\"color: rgb(143, 143, 143); font-family: Montserrat, sans-serif;\\\">Aprenda todos os recursos de manipula\\u00e7\\u00e3o de dados dispon\\u00edveis no Laravel, voc\\u00ea ir\\u00e1 aprender que o Laravel \\u00e9 muito rico em recursos e existem v\\u00e1rios recursos escondidos que tornam o nosso trabalho extremamente mais produtivo.<\\/span><br><\\/p>\",\"valor\":\"152.000.000,00\",\"data_inicio\":\"07\\/10\\/2021\",\"data_fim\":\"07\\/10\\/2021\",\"qtd_inscritos\":1,\"deleted_at\":null,\"created_at\":\"2021-10-07T22:13:32.000000Z\",\"updated_at\":\"2021-10-07T22:13:32.000000Z\"}}', '2021-10-07 22:13:32', '2021-10-07 22:13:32'),
(170, '9453c12f-edd7-4732-aa36-031a04393e14', 'created', 'App\\Models\\Cursos', '949442e5-1cf0-4a1c-978c-1e972c02dd5c', 'App\\Models\\User', '9453c12f-edd7-4732-aa36-031a04393e14', '{\"attributes\":{\"id\":\"949442e5-1cf0-4a1c-978c-1e972c02dd5c\",\"nome\":\"Livro Laravel Database - O Guia Definitivo - 13\",\"descricao\":\"<p><span style=\\\"color: rgb(143, 143, 143); font-family: Montserrat, sans-serif;\\\">Aprenda todos os recursos de manipula\\u00e7\\u00e3o de dados dispon\\u00edveis no Laravel, voc\\u00ea ir\\u00e1 aprender que o Laravel \\u00e9 muito rico em recursos e existem v\\u00e1rios recursos escondidos que tornam o nosso trabalho extremamente mais produtivo.<\\/span><br><\\/p>\",\"valor\":\"1.520.000,00\",\"data_inicio\":\"07\\/10\\/2021\",\"data_fim\":\"07\\/10\\/2021\",\"qtd_inscritos\":1,\"deleted_at\":null,\"created_at\":\"2021-10-07T22:16:23.000000Z\",\"updated_at\":\"2021-10-07T22:16:23.000000Z\"}}', '2021-10-07 22:16:23', '2021-10-07 22:16:23'),
(171, '9453c12f-edd7-4732-aa36-031a04393e14', 'updated', 'App\\Models\\Cursos', '949442e5-1cf0-4a1c-978c-1e972c02dd5c', 'App\\Models\\User', '9453c12f-edd7-4732-aa36-031a04393e14', '{\"attributes\":{\"id\":\"949442e5-1cf0-4a1c-978c-1e972c02dd5c\",\"nome\":\"Livro Laravel Database - O Guia Definitivo - 14\",\"descricao\":\"<p><span style=\\\"color: rgb(143, 143, 143); font-family: Montserrat, sans-serif;\\\">Aprenda todos os recursos de manipula\\u00e7\\u00e3o de dados dispon\\u00edveis no Laravel, voc\\u00ea ir\\u00e1 aprender que o Laravel \\u00e9 muito rico em recursos e existem v\\u00e1rios recursos escondidos que tornam o nosso trabalho extremamente mais produtivo.<\\/span><br><\\/p>\",\"valor\":\"152.000.000,00\",\"data_inicio\":\"07\\/10\\/2021\",\"data_fim\":\"07\\/10\\/2021\",\"qtd_inscritos\":1,\"deleted_at\":null,\"created_at\":\"2021-10-07T22:16:23.000000Z\",\"updated_at\":\"2021-10-07T22:18:00.000000Z\"},\"old\":{\"id\":\"949442e5-1cf0-4a1c-978c-1e972c02dd5c\",\"nome\":\"Livro Laravel Database - O Guia Definitivo - 13\",\"descricao\":\"<p><span style=\\\"color: rgb(143, 143, 143); font-family: Montserrat, sans-serif;\\\">Aprenda todos os recursos de manipula\\u00e7\\u00e3o de dados dispon\\u00edveis no Laravel, voc\\u00ea ir\\u00e1 aprender que o Laravel \\u00e9 muito rico em recursos e existem v\\u00e1rios recursos escondidos que tornam o nosso trabalho extremamente mais produtivo.<\\/span><br><\\/p>\",\"valor\":\"1.520.000,00\",\"data_inicio\":\"07\\/10\\/2021\",\"data_fim\":\"07\\/10\\/2021\",\"qtd_inscritos\":1,\"deleted_at\":null,\"created_at\":\"2021-10-07T22:16:23.000000Z\",\"updated_at\":\"2021-10-07T22:16:23.000000Z\"}}', '2021-10-07 22:18:00', '2021-10-07 22:18:00'),
(172, '9453c12f-edd7-4732-aa36-031a04393e14', 'created', 'App\\Models\\Anexos', '94944392-351c-4b4c-b3f6-2070b01d5e3e', 'App\\Models\\User', '9453c12f-edd7-4732-aa36-031a04393e14', '{\"attributes\":{\"id\":\"94944392-351c-4b4c-b3f6-2070b01d5e3e\",\"titulo\":\"Livro Laravel Database - O Guia Definitivo -10\",\"caminho\":\"19181720211007615f72293b9ff\",\"deleted_at\":null,\"created_at\":\"2021-07-10T03:00:00.000000Z\",\"updated_at\":\"2021-10-07T22:18:17.000000Z\"}}', '2021-10-07 22:18:17', '2021-10-07 22:18:17'),
(173, '9453c12f-edd7-4732-aa36-031a04393e14', 'created', 'App\\Models\\Anexos', '9494439f-f70f-426d-b098-1e4cec7e977f', 'App\\Models\\User', '9453c12f-edd7-4732-aa36-031a04393e14', '{\"attributes\":{\"id\":\"9494439f-f70f-426d-b098-1e4cec7e977f\",\"titulo\":\"Livro Laravel Database - O Guia Definitivo -11\",\"caminho\":\"19182620211007615f7232410d6\",\"deleted_at\":null,\"created_at\":\"2021-07-10T03:00:00.000000Z\",\"updated_at\":\"2021-10-07T22:18:26.000000Z\"}}', '2021-10-07 22:18:26', '2021-10-07 22:18:26'),
(174, '9453c12f-edd7-4732-aa36-031a04393e14', 'updated', 'App\\Models\\Cursos', '949442e5-1cf0-4a1c-978c-1e972c02dd5c', 'App\\Models\\User', '9453c12f-edd7-4732-aa36-031a04393e14', '{\"attributes\":{\"id\":\"949442e5-1cf0-4a1c-978c-1e972c02dd5c\",\"nome\":\"Livro Laravel Database - O Guia Definitivo - 14\",\"descricao\":\"<p><span style=\\\"color: rgb(143, 143, 143); font-family: Montserrat, sans-serif;\\\">Aprenda todos os recursos de manipula\\u00e7\\u00e3o de dados dispon\\u00edveis no Laravel, voc\\u00ea ir\\u00e1 aprender que o Laravel \\u00e9 muito rico em recursos e existem v\\u00e1rios recursos escondidos que tornam o nosso trabalho extremamente mais produtivo.<\\/span><br><\\/p>\",\"valor\":\"152.000,00\",\"data_inicio\":\"07\\/10\\/2021\",\"data_fim\":\"07\\/10\\/2021\",\"qtd_inscritos\":1,\"deleted_at\":null,\"created_at\":\"2021-10-07T22:16:23.000000Z\",\"updated_at\":\"2021-10-07T22:18:45.000000Z\"},\"old\":{\"id\":\"949442e5-1cf0-4a1c-978c-1e972c02dd5c\",\"nome\":\"Livro Laravel Database - O Guia Definitivo - 14\",\"descricao\":\"<p><span style=\\\"color: rgb(143, 143, 143); font-family: Montserrat, sans-serif;\\\">Aprenda todos os recursos de manipula\\u00e7\\u00e3o de dados dispon\\u00edveis no Laravel, voc\\u00ea ir\\u00e1 aprender que o Laravel \\u00e9 muito rico em recursos e existem v\\u00e1rios recursos escondidos que tornam o nosso trabalho extremamente mais produtivo.<\\/span><br><\\/p>\",\"valor\":\"152.000.000,00\",\"data_inicio\":\"07\\/10\\/2021\",\"data_fim\":\"07\\/10\\/2021\",\"qtd_inscritos\":1,\"deleted_at\":null,\"created_at\":\"2021-10-07T22:16:23.000000Z\",\"updated_at\":\"2021-10-07T22:18:00.000000Z\"}}', '2021-10-07 22:18:45', '2021-10-07 22:18:45'),
(175, '9453c12f-edd7-4732-aa36-031a04393e14', 'created', 'App\\Models\\Anexos', '94945698-6a9c-4dfb-902c-5fc87f3739ea', 'App\\Models\\User', '9453c12f-edd7-4732-aa36-031a04393e14', '{\"attributes\":{\"id\":\"94945698-6a9c-4dfb-902c-5fc87f3739ea\",\"titulo\":\"Livro Laravel Database - O Guia Definitivo -11\",\"caminho\":\"20112820211007615f7ea0efcf1\",\"deleted_at\":null,\"created_at\":\"2021-07-10T03:00:00.000000Z\",\"updated_at\":\"2021-10-07T23:11:29.000000Z\"}}', '2021-10-07 23:11:29', '2021-10-07 23:11:29'),
(176, '9453c12f-edd7-4732-aa36-031a04393e14', 'created', 'App\\Models\\Anexos', '94945946-09ca-467c-a069-c68d5798cbcd', 'App\\Models\\User', '9453c12f-edd7-4732-aa36-031a04393e14', '{\"attributes\":{\"id\":\"94945946-09ca-467c-a069-c68d5798cbcd\",\"titulo\":\"Livro Laravel Database - O Guia Definitivo -13\",\"caminho\":\"20185820211007615f80624bc86\",\"deleted_at\":null,\"created_at\":\"2021-07-10T03:00:00.000000Z\",\"updated_at\":\"2021-10-07T23:18:58.000000Z\"}}', '2021-10-07 23:18:58', '2021-10-07 23:18:58'),
(177, '9453c12f-edd7-4732-aa36-031a04393e14', 'created', 'App\\Models\\Cursos', '949595c2-8230-4b90-bebb-878356bea583', 'App\\Models\\User', '9453c12f-edd7-4732-aa36-031a04393e14', '{\"attributes\":{\"id\":\"949595c2-8230-4b90-bebb-878356bea583\",\"nome\":\"Curso LaraFood + VueFood + FlutterFood\",\"descricao\":\"<p><span style=\\\"color: rgb(143, 143, 143); font-family: Montserrat, sans-serif;\\\">Que tal criar um sistema bem legalz\\u00e3o em Laravel? Vamos criar o LaraFood (o delivery completo feito em Laravel)<\\/span><br><\\/p>\",\"valor\":\"106.000,00\",\"data_inicio\":\"08\\/10\\/2021\",\"data_fim\":\"08\\/10\\/2021\",\"qtd_inscritos\":1,\"deleted_at\":null,\"created_at\":\"2021-10-08T14:03:55.000000Z\",\"updated_at\":\"2021-10-08T14:03:55.000000Z\"}}', '2021-10-08 14:03:55', '2021-10-08 14:03:55'),
(178, '9453c12f-edd7-4732-aa36-031a04393e14', 'created', 'App\\Models\\Anexos', '949595f3-ffe0-44a5-90a7-5c321842095b', 'App\\Models\\User', '9453c12f-edd7-4732-aa36-031a04393e14', '{\"attributes\":{\"id\":\"949595f3-ffe0-44a5-90a7-5c321842095b\",\"titulo\":\"FlutterFood\",\"caminho\":\"1104282021100861604fec4db71\",\"deleted_at\":null,\"created_at\":\"2021-08-10T03:00:00.000000Z\",\"updated_at\":\"2021-10-08T14:04:28.000000Z\"}}', '2021-10-08 14:04:28', '2021-10-08 14:04:28'),
(179, '9453c12f-edd7-4732-aa36-031a04393e14', 'created', 'App\\Models\\Anexos', '9495960b-fb2e-481b-a0f9-83b4b1028add', 'App\\Models\\User', '9453c12f-edd7-4732-aa36-031a04393e14', '{\"attributes\":{\"id\":\"9495960b-fb2e-481b-a0f9-83b4b1028add\",\"titulo\":\"FlutterFood - 2\",\"caminho\":\"1104442021100861604ffc0ac05\",\"deleted_at\":null,\"created_at\":\"2021-08-10T03:00:00.000000Z\",\"updated_at\":\"2021-10-08T14:04:44.000000Z\"}}', '2021-10-08 14:04:44', '2021-10-08 14:04:44'),
(180, '9453c12f-edd7-4732-aa36-031a04393e14', 'updated', 'App\\Models\\Cursos', '949595c2-8230-4b90-bebb-878356bea583', 'App\\Models\\User', '9453c12f-edd7-4732-aa36-031a04393e14', '{\"attributes\":{\"id\":\"949595c2-8230-4b90-bebb-878356bea583\",\"nome\":\"Curso LaraFood + VueFood + FlutterFood\",\"descricao\":\"<p><span style=\\\"color: rgb(143, 143, 143); font-family: Montserrat, sans-serif;\\\">Que tal criar um sistema bem legalz\\u00e3o em Laravel? Vamos criar o LaraFood (o delivery completo feito em Laravel)<\\/span><br><\\/p>\",\"valor\":\"10.600.000,00\",\"data_inicio\":\"08\\/10\\/2021\",\"data_fim\":\"08\\/10\\/2021\",\"qtd_inscritos\":1,\"deleted_at\":null,\"created_at\":\"2021-10-08T14:03:55.000000Z\",\"updated_at\":\"2021-10-08T14:05:33.000000Z\"},\"old\":{\"id\":\"949595c2-8230-4b90-bebb-878356bea583\",\"nome\":\"Curso LaraFood + VueFood + FlutterFood\",\"descricao\":\"<p><span style=\\\"color: rgb(143, 143, 143); font-family: Montserrat, sans-serif;\\\">Que tal criar um sistema bem legalz\\u00e3o em Laravel? Vamos criar o LaraFood (o delivery completo feito em Laravel)<\\/span><br><\\/p>\",\"valor\":\"106.000,00\",\"data_inicio\":\"08\\/10\\/2021\",\"data_fim\":\"08\\/10\\/2021\",\"qtd_inscritos\":1,\"deleted_at\":null,\"created_at\":\"2021-10-08T14:03:55.000000Z\",\"updated_at\":\"2021-10-08T14:03:55.000000Z\"}}', '2021-10-08 14:05:33', '2021-10-08 14:05:33'),
(181, '9455bf08-7fa9-483a-8e46-6fc112a58aed', 'created', 'App\\Models\\Pedido', '949aeabd-ac42-4840-aec7-b29572db2c56', 'App\\Models\\User', '9455bf08-7fa9-483a-8e46-6fc112a58aed', '{\"attributes\":{\"id\":\"949aeabd-ac42-4840-aec7-b29572db2c56\",\"user_id\":\"9455bf08-7fa9-483a-8e46-6fc112a58aed\",\"referencia\":null,\"code\":\"1\",\"status\":\"1\",\"valor\":500,\"formapagamento\":\"1\",\"parcelas\":\"5\",\"deleted_at\":null,\"created_at\":\"2021-11-10T03:00:00.000000Z\",\"updated_at\":\"2021-11-10T03:00:00.000000Z\"}}', '2021-10-11 05:40:41', '2021-10-11 05:40:41'),
(182, '9455bf08-7fa9-483a-8e46-6fc112a58aed', 'created', 'App\\Models\\Pedido', '949aec6d-0afd-4d28-87e2-39781a776a69', 'App\\Models\\User', '9455bf08-7fa9-483a-8e46-6fc112a58aed', '{\"attributes\":{\"id\":\"949aec6d-0afd-4d28-87e2-39781a776a69\",\"user_id\":\"9455bf08-7fa9-483a-8e46-6fc112a58aed\",\"referencia\":\"1\",\"code\":\"1\",\"status\":\"1\",\"valor\":2530,\"formapagamento\":\"1\",\"parcelas\":\"3\",\"deleted_at\":null,\"created_at\":\"2021-11-10T03:00:00.000000Z\",\"updated_at\":\"2021-11-10T03:00:00.000000Z\"}}', '2021-10-11 05:45:24', '2021-10-11 05:45:24'),
(183, '9455bf08-7fa9-483a-8e46-6fc112a58aed', 'created', 'App\\Models\\Pedido', '949aee39-703a-4a12-9a94-75993ede8f7a', 'App\\Models\\User', '9455bf08-7fa9-483a-8e46-6fc112a58aed', '{\"attributes\":{\"id\":\"949aee39-703a-4a12-9a94-75993ede8f7a\",\"user_id\":\"9455bf08-7fa9-483a-8e46-6fc112a58aed\",\"referencia\":\"1\",\"code\":\"1\",\"status\":\"1\",\"valor\":2530,\"formapagamento\":\"1\",\"parcelas\":\"4\",\"deleted_at\":null,\"created_at\":\"2021-11-10T03:00:00.000000Z\",\"updated_at\":\"2021-11-10T03:00:00.000000Z\"}}', '2021-10-11 05:50:26', '2021-10-11 05:50:26'),
(184, '9455bf08-7fa9-483a-8e46-6fc112a58aed', 'created', 'App\\Models\\Pedido', '949aee8b-483e-4963-a8e2-2d889f37c31d', 'App\\Models\\User', '9455bf08-7fa9-483a-8e46-6fc112a58aed', '{\"attributes\":{\"id\":\"949aee8b-483e-4963-a8e2-2d889f37c31d\",\"user_id\":\"9455bf08-7fa9-483a-8e46-6fc112a58aed\",\"referencia\":\"1\",\"code\":\"1\",\"status\":\"1\",\"valor\":2530,\"formapagamento\":\"1\",\"parcelas\":\"4\",\"deleted_at\":null,\"created_at\":\"2021-11-10T03:00:00.000000Z\",\"updated_at\":\"2021-11-10T03:00:00.000000Z\"}}', '2021-10-11 05:51:19', '2021-10-11 05:51:19'),
(185, '9455bf08-7fa9-483a-8e46-6fc112a58aed', 'created', 'App\\Models\\Pedido', '949af032-4984-4383-bac1-604040d55b8c', 'App\\Models\\User', '9455bf08-7fa9-483a-8e46-6fc112a58aed', '{\"attributes\":{\"id\":\"949af032-4984-4383-bac1-604040d55b8c\",\"user_id\":\"9455bf08-7fa9-483a-8e46-6fc112a58aed\",\"referencia\":\"1\",\"code\":\"1\",\"status\":\"1\",\"valor\":2530,\"formapagamento\":\"1\",\"parcelas\":\"6\",\"deleted_at\":null,\"created_at\":\"2021-11-10T03:00:00.000000Z\",\"updated_at\":\"2021-11-10T03:00:00.000000Z\"}}', '2021-10-11 05:55:57', '2021-10-11 05:55:57'),
(186, '9455bf08-7fa9-483a-8e46-6fc112a58aed', 'created', 'App\\Models\\Pedido', '949af0b3-a29a-4b45-a504-c750296eddbf', 'App\\Models\\User', '9455bf08-7fa9-483a-8e46-6fc112a58aed', '{\"attributes\":{\"id\":\"949af0b3-a29a-4b45-a504-c750296eddbf\",\"user_id\":\"9455bf08-7fa9-483a-8e46-6fc112a58aed\",\"referencia\":\"1\",\"code\":\"1\",\"status\":\"1\",\"valor\":2530,\"formapagamento\":\"1\",\"parcelas\":\"6\",\"deleted_at\":null,\"created_at\":\"2021-11-10T03:00:00.000000Z\",\"updated_at\":\"2021-11-10T03:00:00.000000Z\"}}', '2021-10-11 05:57:21', '2021-10-11 05:57:21'),
(187, '9455bf08-7fa9-483a-8e46-6fc112a58aed', 'created', 'App\\Models\\Pedido', '949af19d-bc08-4768-bebb-001bde4305cd', 'App\\Models\\User', '9455bf08-7fa9-483a-8e46-6fc112a58aed', '{\"attributes\":{\"id\":\"949af19d-bc08-4768-bebb-001bde4305cd\",\"user_id\":\"9455bf08-7fa9-483a-8e46-6fc112a58aed\",\"referencia\":\"1\",\"code\":\"1\",\"status\":\"1\",\"valor\":2530,\"formapagamento\":\"1\",\"parcelas\":\"7\",\"deleted_at\":null,\"created_at\":\"2021-11-10T03:00:00.000000Z\",\"updated_at\":\"2021-11-10T03:00:00.000000Z\"}}', '2021-10-11 05:59:55', '2021-10-11 05:59:55'),
(188, '9455bf08-7fa9-483a-8e46-6fc112a58aed', 'created', 'App\\Models\\Pedido', '949af44a-c905-431e-97f3-035d02f233a1', 'App\\Models\\User', '9455bf08-7fa9-483a-8e46-6fc112a58aed', '{\"attributes\":{\"id\":\"949af44a-c905-431e-97f3-035d02f233a1\",\"user_id\":\"9455bf08-7fa9-483a-8e46-6fc112a58aed\",\"referencia\":\"1\",\"code\":\"1\",\"status\":\"1\",\"valor\":2530,\"formapagamento\":\"1\",\"parcelas\":\"3\",\"deleted_at\":null,\"created_at\":\"2021-11-10T03:00:00.000000Z\",\"updated_at\":\"2021-11-10T03:00:00.000000Z\"}}', '2021-10-11 06:07:24', '2021-10-11 06:07:24'),
(189, '9455bf08-7fa9-483a-8e46-6fc112a58aed', 'created', 'App\\Models\\Pedido', '949af581-d016-46aa-a1cc-59145e0f636f', 'App\\Models\\User', '9455bf08-7fa9-483a-8e46-6fc112a58aed', '{\"attributes\":{\"id\":\"949af581-d016-46aa-a1cc-59145e0f636f\",\"user_id\":\"9455bf08-7fa9-483a-8e46-6fc112a58aed\",\"referencia\":\"1\",\"code\":\"1\",\"status\":\"1\",\"valor\":2530,\"formapagamento\":\"1\",\"parcelas\":\"3\",\"deleted_at\":null,\"created_at\":\"2021-11-10T03:00:00.000000Z\",\"updated_at\":\"2021-11-10T03:00:00.000000Z\"}}', '2021-10-11 06:10:48', '2021-10-11 06:10:48'),
(190, '9455bf08-7fa9-483a-8e46-6fc112a58aed', 'created', 'App\\Models\\ItemPedido', '949af582-2ba3-43be-b0c6-4d73552385c5', 'App\\Models\\User', '9455bf08-7fa9-483a-8e46-6fc112a58aed', '{\"attributes\":{\"id\":\"949af582-2ba3-43be-b0c6-4d73552385c5\",\"pedido_id\":\"949af581-d016-46aa-a1cc-59145e0f636f\",\"produto_id\":null,\"descricao_produto\":null,\"quantidade\":null,\"valor\":null,\"deleted_at\":null,\"created_at\":\"2021-10-11T06:10:48.000000Z\",\"updated_at\":\"2021-10-11T06:10:48.000000Z\"}}', '2021-10-11 06:10:48', '2021-10-11 06:10:48'),
(191, '9455bf08-7fa9-483a-8e46-6fc112a58aed', 'created', 'App\\Models\\Pedido', '949af683-3f48-4070-97fb-0dcbc72687e4', 'App\\Models\\User', '9455bf08-7fa9-483a-8e46-6fc112a58aed', '{\"attributes\":{\"id\":\"949af683-3f48-4070-97fb-0dcbc72687e4\",\"user_id\":\"9455bf08-7fa9-483a-8e46-6fc112a58aed\",\"referencia\":\"1\",\"code\":\"1\",\"status\":\"1\",\"valor\":2530,\"formapagamento\":\"1\",\"parcelas\":\"6\",\"deleted_at\":null,\"created_at\":\"2021-11-10T03:00:00.000000Z\",\"updated_at\":\"2021-11-10T03:00:00.000000Z\"}}', '2021-10-11 06:13:36', '2021-10-11 06:13:36'),
(192, '9455bf08-7fa9-483a-8e46-6fc112a58aed', 'created', 'App\\Models\\Pedido', '949af6a6-d220-4a3f-925d-ee4656751551', 'App\\Models\\User', '9455bf08-7fa9-483a-8e46-6fc112a58aed', '{\"attributes\":{\"id\":\"949af6a6-d220-4a3f-925d-ee4656751551\",\"user_id\":\"9455bf08-7fa9-483a-8e46-6fc112a58aed\",\"referencia\":\"1\",\"code\":\"1\",\"status\":\"1\",\"valor\":2530,\"formapagamento\":\"1\",\"parcelas\":\"6\",\"deleted_at\":null,\"created_at\":\"2021-11-10T03:00:00.000000Z\",\"updated_at\":\"2021-11-10T03:00:00.000000Z\"}}', '2021-10-11 06:14:00', '2021-10-11 06:14:00'),
(193, '9455bf08-7fa9-483a-8e46-6fc112a58aed', 'created', 'App\\Models\\Pedido', '949af73f-0c95-4a0e-8f11-4d6c46547557', 'App\\Models\\User', '9455bf08-7fa9-483a-8e46-6fc112a58aed', '{\"attributes\":{\"id\":\"949af73f-0c95-4a0e-8f11-4d6c46547557\",\"user_id\":\"9455bf08-7fa9-483a-8e46-6fc112a58aed\",\"referencia\":\"1\",\"code\":\"1\",\"status\":\"1\",\"valor\":2530,\"formapagamento\":\"1\",\"parcelas\":\"6\",\"deleted_at\":null,\"created_at\":\"2021-11-10T03:00:00.000000Z\",\"updated_at\":\"2021-11-10T03:00:00.000000Z\"}}', '2021-10-11 06:15:39', '2021-10-11 06:15:39'),
(194, '9455bf08-7fa9-483a-8e46-6fc112a58aed', 'created', 'App\\Models\\ItemPedido', '949af73f-2298-4661-ab7b-1356cfce0833', 'App\\Models\\User', '9455bf08-7fa9-483a-8e46-6fc112a58aed', '{\"attributes\":{\"id\":\"949af73f-2298-4661-ab7b-1356cfce0833\",\"pedido_id\":\"949af73f-0c95-4a0e-8f11-4d6c46547557\",\"produto_id\":null,\"descricao_produto\":null,\"quantidade\":null,\"valor\":null,\"deleted_at\":null,\"created_at\":\"2021-10-11T06:15:39.000000Z\",\"updated_at\":\"2021-10-11T06:15:39.000000Z\"}}', '2021-10-11 06:15:39', '2021-10-11 06:15:39'),
(195, '9455bf08-7fa9-483a-8e46-6fc112a58aed', 'created', 'App\\Models\\ItemPedido', '949af73f-2a13-42e2-af97-516075df5aca', 'App\\Models\\User', '9455bf08-7fa9-483a-8e46-6fc112a58aed', '{\"attributes\":{\"id\":\"949af73f-2a13-42e2-af97-516075df5aca\",\"pedido_id\":\"949af73f-0c95-4a0e-8f11-4d6c46547557\",\"produto_id\":null,\"descricao_produto\":null,\"quantidade\":null,\"valor\":null,\"deleted_at\":null,\"created_at\":\"2021-10-11T06:15:39.000000Z\",\"updated_at\":\"2021-10-11T06:15:39.000000Z\"}}', '2021-10-11 06:15:39', '2021-10-11 06:15:39'),
(196, '9455bf08-7fa9-483a-8e46-6fc112a58aed', 'created', 'App\\Models\\Pedido', '949b09c6-6868-43cf-b7b5-c40fb4fcfa97', 'App\\Models\\User', '9455bf08-7fa9-483a-8e46-6fc112a58aed', '{\"attributes\":{\"id\":\"949b09c6-6868-43cf-b7b5-c40fb4fcfa97\",\"user_id\":\"9455bf08-7fa9-483a-8e46-6fc112a58aed\",\"referencia\":\"202110110407256163e2ad8dfc8\",\"code\":\"FC9B61EB-7848-439E-AB10-454ED7DBFE06\",\"status\":\"1\",\"valor\":1550,\"formapagamento\":\"1\",\"parcelas\":\"10\",\"deleted_at\":null,\"created_at\":\"2021-11-10T03:00:00.000000Z\",\"updated_at\":\"2021-11-10T03:00:00.000000Z\"}}', '2021-10-11 07:07:28', '2021-10-11 07:07:28'),
(197, '9455bf08-7fa9-483a-8e46-6fc112a58aed', 'created', 'App\\Models\\Pedido', '949b09f7-c4cd-4b80-8bde-87bf737306ce', 'App\\Models\\User', '9455bf08-7fa9-483a-8e46-6fc112a58aed', '{\"attributes\":{\"id\":\"949b09f7-c4cd-4b80-8bde-87bf737306ce\",\"user_id\":\"9455bf08-7fa9-483a-8e46-6fc112a58aed\",\"referencia\":\"202110110407576163e2cdae02b\",\"code\":\"6C377DE1-ADB1-45CC-98C3-574A44635B56\",\"status\":\"1\",\"valor\":1550,\"formapagamento\":\"1\",\"parcelas\":\"10\",\"deleted_at\":null,\"created_at\":\"2021-11-10T03:00:00.000000Z\",\"updated_at\":\"2021-11-10T03:00:00.000000Z\"}}', '2021-10-11 07:08:00', '2021-10-11 07:08:00'),
(198, '9455bf08-7fa9-483a-8e46-6fc112a58aed', 'created', 'App\\Models\\Pedido', '949b0b8b-bf13-4c23-b88a-eab08112f0a2', 'App\\Models\\User', '9455bf08-7fa9-483a-8e46-6fc112a58aed', '{\"attributes\":{\"id\":\"949b0b8b-bf13-4c23-b88a-eab08112f0a2\",\"user_id\":\"9455bf08-7fa9-483a-8e46-6fc112a58aed\",\"referencia\":\"202110110412226163e3d662cbc\",\"code\":\"3B0052AF-D64E-41EA-892C-D4E0C6D7E080\",\"status\":\"1\",\"valor\":155000,\"formapagamento\":\"1\",\"parcelas\":\"10\",\"deleted_at\":null,\"created_at\":\"2021-11-10T03:00:00.000000Z\",\"updated_at\":\"2021-11-10T03:00:00.000000Z\"}}', '2021-10-11 07:12:25', '2021-10-11 07:12:25'),
(199, '9455bf08-7fa9-483a-8e46-6fc112a58aed', 'created', 'App\\Models\\ItemPedido', '949b0b8b-cad8-4776-8abc-a420576c9582', 'App\\Models\\User', '9455bf08-7fa9-483a-8e46-6fc112a58aed', '{\"attributes\":{\"id\":\"949b0b8b-cad8-4776-8abc-a420576c9582\",\"pedido_id\":\"949b0b8b-bf13-4c23-b88a-eab08112f0a2\",\"produto_id\":\"9491a14f-2e43-4e92-aa54-d1a5969bbea3\",\"descricao_produto\":\"Curso LaraFood + VueFood + FlutterFood\",\"quantidade\":\"1\",\"valor\":500,\"deleted_at\":null,\"created_at\":\"2021-10-11T07:12:25.000000Z\",\"updated_at\":\"2021-10-11T07:12:25.000000Z\"}}', '2021-10-11 07:12:25', '2021-10-11 07:12:25'),
(200, '9455bf08-7fa9-483a-8e46-6fc112a58aed', 'created', 'App\\Models\\ItemPedido', '949b0b8b-ce6f-4156-b3c8-03b85cbbbf9d', 'App\\Models\\User', '9455bf08-7fa9-483a-8e46-6fc112a58aed', '{\"attributes\":{\"id\":\"949b0b8b-ce6f-4156-b3c8-03b85cbbbf9d\",\"pedido_id\":\"949b0b8b-bf13-4c23-b88a-eab08112f0a2\",\"produto_id\":\"945459cd-be55-48be-9b6c-c3704e498ea6\",\"descricao_produto\":\"Curso de PHP Avan\\u00e7ado\",\"quantidade\":\"1\",\"valor\":1050,\"deleted_at\":null,\"created_at\":\"2021-10-11T07:12:25.000000Z\",\"updated_at\":\"2021-10-11T07:12:25.000000Z\"}}', '2021-10-11 07:12:25', '2021-10-11 07:12:25'),
(201, '9453c12f-edd7-4732-aa36-031a04393e14', 'deleted', 'App\\Models\\Pedido', '949b0b8b-bf13-4c23-b88a-eab08112f0a1', 'App\\Models\\User', '9453c12f-edd7-4732-aa36-031a04393e14', '{\"attributes\":{\"id\":\"949b0b8b-bf13-4c23-b88a-eab08112f0a1\",\"user_id\":\"945b7ca7-1a28-4c6d-8f7b-6b6a570966b8\",\"referencia\":\"202110110412226163e3d662cbc\",\"code\":\"3B0052AF-D64E-41EA-892C-D4E0C6D7E080\",\"status\":\"Paga\",\"valor\":\"155.000,00\",\"formapagamento\":\"Cart\\u00e3o de cr\\u00e9dito\",\"parcelas\":\"10\",\"deleted_at\":\"2021-10-11T14:15:22.000000Z\",\"created_at\":\"2021-11-10T03:00:00.000000Z\",\"updated_at\":\"2021-11-10T03:00:00.000000Z\"}}', '2021-10-11 14:15:22', '2021-10-11 14:15:22'),
(202, '9453c12f-edd7-4732-aa36-031a04393e14', 'updated', 'App\\Models\\Pedido', '949b0b8b-bf13-4c23-b88a-eab08112f0a1', 'App\\Models\\User', '9453c12f-edd7-4732-aa36-031a04393e14', '{\"attributes\":{\"id\":\"949b0b8b-bf13-4c23-b88a-eab08112f0a1\",\"user_id\":\"945b7ca7-1a28-4c6d-8f7b-6b6a570966b8\",\"referencia\":\"202110110412226163e3d662cbc\",\"code\":\"3B0052AF-D64E-41EA-892C-D4E0C6D7E080\",\"status\":\"Em an\\u00e1lise\",\"valor\":\"155.000,00\",\"formapagamento\":\"Cart\\u00e3o de cr\\u00e9dito\",\"parcelas\":\"10\",\"deleted_at\":null,\"created_at\":\"2021-11-10T03:00:00.000000Z\",\"updated_at\":\"2021-11-10T03:00:00.000000Z\"},\"old\":{\"id\":\"949b0b8b-bf13-4c23-b88a-eab08112f0a1\",\"user_id\":\"945b7ca7-1a28-4c6d-8f7b-6b6a570966b8\",\"referencia\":\"202110110412226163e3d662cbc\",\"code\":\"3B0052AF-D64E-41EA-892C-D4E0C6D7E080\",\"status\":\"Paga\",\"valor\":\"155.000,00\",\"formapagamento\":\"Cart\\u00e3o de cr\\u00e9dito\",\"parcelas\":\"10\",\"deleted_at\":null,\"created_at\":\"2021-11-10T03:00:00.000000Z\",\"updated_at\":\"2021-11-10T03:00:00.000000Z\"}}', '2021-10-11 14:48:06', '2021-10-11 14:48:06'),
(203, '9453c12f-edd7-4732-aa36-031a04393e14', 'updated', 'App\\Models\\Pedido', '949b0b8b-bf13-4c23-b88a-eab08112f0a1', 'App\\Models\\User', '9453c12f-edd7-4732-aa36-031a04393e14', '{\"attributes\":{\"id\":\"949b0b8b-bf13-4c23-b88a-eab08112f0a1\",\"user_id\":\"945b7ca7-1a28-4c6d-8f7b-6b6a570966b8\",\"referencia\":\"202110110412226163e3d662cbc\",\"code\":\"3B0052AF-D64E-41EA-892C-D4E0C6D7E080\",\"status\":\"Paga\",\"valor\":\"155.000,00\",\"formapagamento\":\"Cart\\u00e3o de cr\\u00e9dito\",\"parcelas\":\"10\",\"deleted_at\":null,\"created_at\":\"2021-11-10T03:00:00.000000Z\",\"updated_at\":\"2021-11-10T03:00:00.000000Z\"},\"old\":{\"id\":\"949b0b8b-bf13-4c23-b88a-eab08112f0a1\",\"user_id\":\"945b7ca7-1a28-4c6d-8f7b-6b6a570966b8\",\"referencia\":\"202110110412226163e3d662cbc\",\"code\":\"3B0052AF-D64E-41EA-892C-D4E0C6D7E080\",\"status\":\"Em an\\u00e1lise\",\"valor\":\"155.000,00\",\"formapagamento\":\"Cart\\u00e3o de cr\\u00e9dito\",\"parcelas\":\"10\",\"deleted_at\":null,\"created_at\":\"2021-11-10T03:00:00.000000Z\",\"updated_at\":\"2021-11-10T03:00:00.000000Z\"}}', '2021-10-11 14:49:14', '2021-10-11 14:49:14'),
(204, '9453c12f-edd7-4732-aa36-031a04393e14', 'created', 'App\\Models\\Anexos', '949bb52f-890a-4abf-a7c9-f2e6bb94c1a0', 'App\\Models\\User', '9453c12f-edd7-4732-aa36-031a04393e14', '{\"attributes\":{\"id\":\"949bb52f-890a-4abf-a7c9-f2e6bb94c1a0\",\"titulo\":\"Curso de Laravel Avan\\u00e7ado -1 \",\"caminho\":\"12064620211011616453064c5a9\",\"deleted_at\":null,\"created_at\":\"2021-11-10T03:00:00.000000Z\",\"updated_at\":\"2021-10-11T15:06:46.000000Z\"}}', '2021-10-11 15:06:46', '2021-10-11 15:06:46'),
(205, '9453c12f-edd7-4732-aa36-031a04393e14', 'deleted', 'App\\Models\\Anexos', '949bb52f-890a-4abf-a7c9-f2e6bb94c1a0', 'App\\Models\\User', '9453c12f-edd7-4732-aa36-031a04393e14', '{\"attributes\":{\"id\":\"949bb52f-890a-4abf-a7c9-f2e6bb94c1a0\",\"titulo\":\"Curso de Laravel Avan\\u00e7ado -1 \",\"caminho\":\"12064620211011616453064c5a9\",\"deleted_at\":null,\"created_at\":\"2021-11-10T03:00:00.000000Z\",\"updated_at\":\"2021-10-11T15:06:46.000000Z\"}}', '2021-10-11 15:21:38', '2021-10-11 15:21:38'),
(206, '9453c12f-edd7-4732-aa36-031a04393e14', 'created', 'App\\Models\\Anexos', '949bbb02-ca9e-4362-a8e8-58230aca1008', 'App\\Models\\User', '9453c12f-edd7-4732-aa36-031a04393e14', '{\"attributes\":{\"id\":\"949bbb02-ca9e-4362-a8e8-58230aca1008\",\"titulo\":\"teste 2cccccccc\",\"caminho\":\"12230320211011616456d796049\",\"deleted_at\":null,\"created_at\":\"2021-11-10T03:00:00.000000Z\",\"updated_at\":\"2021-10-11T15:23:03.000000Z\"}}', '2021-10-11 15:23:03', '2021-10-11 15:23:03'),
(207, '9453c12f-edd7-4732-aa36-031a04393e14', 'deleted', 'App\\Models\\Anexos', '949bbb02-ca9e-4362-a8e8-58230aca1008', 'App\\Models\\User', '9453c12f-edd7-4732-aa36-031a04393e14', '{\"attributes\":{\"id\":\"949bbb02-ca9e-4362-a8e8-58230aca1008\",\"titulo\":\"teste 2cccccccc\",\"caminho\":\"12230320211011616456d796049\",\"deleted_at\":null,\"created_at\":\"2021-11-10T03:00:00.000000Z\",\"updated_at\":\"2021-10-11T15:23:03.000000Z\"}}', '2021-10-11 15:23:08', '2021-10-11 15:23:08'),
(208, '9453c12f-edd7-4732-aa36-031a04393e14', 'created', 'App\\Models\\Anexos', '949bbb8a-4621-4d19-88b2-481008d5d0dc', 'App\\Models\\User', '9453c12f-edd7-4732-aa36-031a04393e14', '{\"attributes\":{\"id\":\"949bbb8a-4621-4d19-88b2-481008d5d0dc\",\"titulo\":\"Curso de Laravel Avan\\u00e7ado -1 \",\"caminho\":\"1224322021101161645730641c8\",\"deleted_at\":null,\"created_at\":\"2021-11-10T03:00:00.000000Z\",\"updated_at\":\"2021-10-11T15:24:32.000000Z\"}}', '2021-10-11 15:24:32', '2021-10-11 15:24:32'),
(209, '9453c12f-edd7-4732-aa36-031a04393e14', 'created', 'App\\Models\\Anexos', '949bbbf0-4abf-4c20-a671-c63eccff5047', 'App\\Models\\User', '9453c12f-edd7-4732-aa36-031a04393e14', '{\"attributes\":{\"id\":\"949bbbf0-4abf-4c20-a671-c63eccff5047\",\"titulo\":\"Curso de Laravel Avan\\u00e7ado -2\",\"caminho\":\"122539202110116164577341422\",\"deleted_at\":null,\"created_at\":\"2021-11-10T03:00:00.000000Z\",\"updated_at\":\"2021-10-11T15:25:39.000000Z\"}}', '2021-10-11 15:25:39', '2021-10-11 15:25:39'),
(210, '9453c12f-edd7-4732-aa36-031a04393e14', 'deleted', 'App\\Models\\Anexos', '949bbbf0-4abf-4c20-a671-c63eccff5047', 'App\\Models\\User', '9453c12f-edd7-4732-aa36-031a04393e14', '{\"attributes\":{\"id\":\"949bbbf0-4abf-4c20-a671-c63eccff5047\",\"titulo\":\"Curso de Laravel Avan\\u00e7ado -2\",\"caminho\":\"122539202110116164577341422\",\"deleted_at\":null,\"created_at\":\"2021-11-10T03:00:00.000000Z\",\"updated_at\":\"2021-10-11T15:25:39.000000Z\"}}', '2021-10-11 15:25:47', '2021-10-11 15:25:47'),
(211, '9453c12f-edd7-4732-aa36-031a04393e14', 'deleted', 'App\\Models\\Anexos', '949bbb8a-4621-4d19-88b2-481008d5d0dc', 'App\\Models\\User', '9453c12f-edd7-4732-aa36-031a04393e14', '{\"attributes\":{\"id\":\"949bbb8a-4621-4d19-88b2-481008d5d0dc\",\"titulo\":\"Curso de Laravel Avan\\u00e7ado -1 \",\"caminho\":\"1224322021101161645730641c8\",\"deleted_at\":null,\"created_at\":\"2021-11-10T03:00:00.000000Z\",\"updated_at\":\"2021-10-11T15:24:32.000000Z\"}}', '2021-10-11 15:26:02', '2021-10-11 15:26:02'),
(212, '9453c12f-edd7-4732-aa36-031a04393e14', 'created', 'App\\Models\\Anexos', '949bbd7b-610a-4002-8b9d-313669a01930', 'App\\Models\\User', '9453c12f-edd7-4732-aa36-031a04393e14', '{\"attributes\":{\"id\":\"949bbd7b-610a-4002-8b9d-313669a01930\",\"titulo\":\"Curso de Laravel Avan\\u00e7ado -1 \",\"caminho\":\"12295820211011616458762f21b\",\"deleted_at\":null,\"created_at\":\"2021-11-10T03:00:00.000000Z\",\"updated_at\":\"2021-10-11T15:29:58.000000Z\"}}', '2021-10-11 15:29:58', '2021-10-11 15:29:58'),
(213, '9453c12f-edd7-4732-aa36-031a04393e14', 'deleted', 'App\\Models\\Anexos', '949bbd7b-610a-4002-8b9d-313669a01930', 'App\\Models\\User', '9453c12f-edd7-4732-aa36-031a04393e14', '{\"attributes\":{\"id\":\"949bbd7b-610a-4002-8b9d-313669a01930\",\"titulo\":\"Curso de Laravel Avan\\u00e7ado -1 \",\"caminho\":\"12295820211011616458762f21b\",\"deleted_at\":null,\"created_at\":\"2021-11-10T03:00:00.000000Z\",\"updated_at\":\"2021-10-11T15:29:58.000000Z\"}}', '2021-10-11 15:30:50', '2021-10-11 15:30:50'),
(214, '9453c12f-edd7-4732-aa36-031a04393e14', 'created', 'App\\Models\\Anexos', '949bbe5a-c690-41c5-a6db-85c39d3f715b', 'App\\Models\\User', '9453c12f-edd7-4732-aa36-031a04393e14', '{\"attributes\":{\"id\":\"949bbe5a-c690-41c5-a6db-85c39d3f715b\",\"titulo\":\"Curso de Laravel Avan\\u00e7ado -1 \",\"caminho\":\"123224202110116164590891e6a\",\"deleted_at\":null,\"created_at\":\"2021-11-10T03:00:00.000000Z\",\"updated_at\":\"2021-10-11T15:32:24.000000Z\"}}', '2021-10-11 15:32:24', '2021-10-11 15:32:24'),
(215, '9453c12f-edd7-4732-aa36-031a04393e14', 'deleted', 'App\\Models\\Anexos', '949bbe5a-c690-41c5-a6db-85c39d3f715b', 'App\\Models\\User', '9453c12f-edd7-4732-aa36-031a04393e14', '{\"attributes\":{\"id\":\"949bbe5a-c690-41c5-a6db-85c39d3f715b\",\"titulo\":\"Curso de Laravel Avan\\u00e7ado -1 \",\"caminho\":\"123224202110116164590891e6a\",\"deleted_at\":null,\"created_at\":\"2021-11-10T03:00:00.000000Z\",\"updated_at\":\"2021-10-11T15:32:24.000000Z\"}}', '2021-10-11 15:32:27', '2021-10-11 15:32:27'),
(216, '9453c12f-edd7-4732-aa36-031a04393e14', 'deleted', 'App\\Models\\Cursos', '9493c7a3-9efa-4c3b-b0f1-4c0f3737b89f', 'App\\Models\\User', '9453c12f-edd7-4732-aa36-031a04393e14', '{\"attributes\":{\"id\":\"9493c7a3-9efa-4c3b-b0f1-4c0f3737b89f\",\"nome\":\"Curso de Laravel com Vue.js 2\",\"descricao\":\"<p><span style=\\\"color: rgb(143, 143, 143); font-family: Montserrat, sans-serif;\\\">APRENDA A TRABALHAR COM O PODEROSO FRAMEWORK PHP LARAVEL (API Restful), E AINDA ABUSE DOS RECURSOS DO VUE (SPA) PARA TRABALHAR COM FRONTEND DE MANEIRA TOTALMENTE PROFISSIONAL<\\/span><br><\\/p>\",\"valor\":\"155.522,00\",\"data_inicio\":\"07\\/10\\/2021\",\"data_fim\":\"07\\/10\\/2021\",\"qtd_inscritos\":1,\"deleted_at\":null,\"created_at\":\"2021-10-07T16:31:44.000000Z\",\"updated_at\":\"2021-10-07T16:31:44.000000Z\"}}', '2021-10-11 15:39:32', '2021-10-11 15:39:32'),
(217, '9453c12f-edd7-4732-aa36-031a04393e14', 'deleted', 'App\\Models\\Cursos', '949397e3-551a-4891-b2c7-f9f04c5914e3', 'App\\Models\\User', '9453c12f-edd7-4732-aa36-031a04393e14', '{\"attributes\":{\"id\":\"949397e3-551a-4891-b2c7-f9f04c5914e3\",\"nome\":\"Livro Laravel Database - O Guia Definitivo\",\"descricao\":\"<p><span style=\\\"color: rgb(143, 143, 143); font-family: Montserrat, sans-serif;\\\">Que tal criar um sistema bem legalz\\u00e3o em Laravel? Vamos criar o LaraFood (o delivery completo feito em Laravel)<\\/span><br><\\/p>\",\"valor\":\"1.222.200,00\",\"data_inicio\":\"07\\/10\\/2021\",\"data_fim\":\"07\\/10\\/2021\",\"qtd_inscritos\":1,\"deleted_at\":null,\"created_at\":\"2021-10-07T14:18:13.000000Z\",\"updated_at\":\"2021-10-07T14:18:13.000000Z\"}}', '2021-10-11 15:40:50', '2021-10-11 15:40:50'),
(218, '9453c12f-edd7-4732-aa36-031a04393e14', 'deleted', 'App\\Models\\Cursos', '94939702-b590-4258-9339-5023efda42c7', 'App\\Models\\User', '9453c12f-edd7-4732-aa36-031a04393e14', '{\"attributes\":{\"id\":\"94939702-b590-4258-9339-5023efda42c7\",\"nome\":\"Curso LaraFood + VueFood + FlutterFood\",\"descricao\":\"<p><span style=\\\"color: rgb(143, 143, 143); font-family: Montserrat, sans-serif;\\\">Que tal criar um sistema bem legalz\\u00e3o em Laravel? Vamos criar o LaraFood (o delivery completo feito em Laravel)<\\/span><br><\\/p>\",\"valor\":\"2.266.300,00\",\"data_inicio\":\"07\\/10\\/2021\",\"data_fim\":\"07\\/10\\/2021\",\"qtd_inscritos\":1,\"deleted_at\":null,\"created_at\":\"2021-10-07T14:15:46.000000Z\",\"updated_at\":\"2021-10-07T14:15:46.000000Z\"}}', '2021-10-11 15:42:25', '2021-10-11 15:42:25'),
(219, '9453c12f-edd7-4732-aa36-031a04393e14', 'deleted', 'App\\Models\\Cursos', '94939da6-8b60-45fe-9484-6d5e9b8a332b', 'App\\Models\\User', '9453c12f-edd7-4732-aa36-031a04393e14', '{\"attributes\":{\"id\":\"94939da6-8b60-45fe-9484-6d5e9b8a332b\",\"nome\":\"Livro Laravel Database - O Guia Definitivo\",\"descricao\":\"<p><span style=\\\"color: rgb(143, 143, 143); font-family: Montserrat, sans-serif;\\\">Aprenda todos os recursos de manipula\\u00e7\\u00e3o de dados dispon\\u00edveis no Laravel, voc\\u00ea ir\\u00e1 aprender que o Laravel \\u00e9 muito rico em recursos e existem v\\u00e1rios recursos escondidos que tornam o nosso trabalho extremamente mais produtivo.<\\/span><br><\\/p>\",\"valor\":\"566.633,00\",\"data_inicio\":\"07\\/10\\/2021\",\"data_fim\":\"07\\/10\\/2021\",\"qtd_inscritos\":1,\"deleted_at\":null,\"created_at\":\"2021-10-07T14:34:20.000000Z\",\"updated_at\":\"2021-10-07T14:34:20.000000Z\"}}', '2021-10-11 15:43:07', '2021-10-11 15:43:07'),
(220, '9453c12f-edd7-4732-aa36-031a04393e14', 'deleted', 'App\\Models\\Cursos', '9493c857-c890-4027-b2f5-c79b3dfc7836', 'App\\Models\\User', '9453c12f-edd7-4732-aa36-031a04393e14', '{\"attributes\":{\"id\":\"9493c857-c890-4027-b2f5-c79b3dfc7836\",\"nome\":\"Curso de Laravel Real-time com Vue.js (com pusher)\",\"descricao\":\"<p><span style=\\\"color: rgb(143, 143, 143); font-family: Montserrat, sans-serif;\\\">Aprenda a criar aplica\\u00e7\\u00f5es que trabalham em tempo real. Nesse curso criaremos um projeto pr\\u00e1tico (um chat) que atualiza instantaneamente as informa\\u00e7\\u00f5es, tudo em tempo real<\\/span><br><\\/p>\",\"valor\":\"155.522,00\",\"data_inicio\":\"07\\/10\\/2021\",\"data_fim\":\"07\\/10\\/2021\",\"qtd_inscritos\":1,\"deleted_at\":null,\"created_at\":\"2021-10-07T16:33:42.000000Z\",\"updated_at\":\"2021-10-07T16:33:42.000000Z\"}}', '2021-10-11 15:43:50', '2021-10-11 15:43:50'),
(221, '9453c12f-edd7-4732-aa36-031a04393e14', 'deleted', 'App\\Models\\Cursos', '949399a0-9ef9-41bf-bc83-6621debd4e08', 'App\\Models\\User', '9453c12f-edd7-4732-aa36-031a04393e14', '{\"attributes\":{\"id\":\"949399a0-9ef9-41bf-bc83-6621debd4e08\",\"nome\":\"Curso de JavaScript Completo\",\"descricao\":\"<p><span style=\\\"color: rgb(143, 143, 143); font-family: Montserrat, sans-serif;\\\">Aprenda a centralizar diversos tenants no mesmo sistema, e cada uma com o seu pr\\u00f3prio database isolado. Aprenda a trabalhar com conceitos avan\\u00e7ados do Laravel neste curso!<\\/span><br><\\/p>\",\"valor\":\"155.522,00\",\"data_inicio\":\"07\\/10\\/2021\",\"data_fim\":\"07\\/10\\/2021\",\"qtd_inscritos\":1,\"deleted_at\":null,\"created_at\":\"2021-10-07T14:23:05.000000Z\",\"updated_at\":\"2021-10-07T14:23:05.000000Z\"}}', '2021-10-11 15:49:46', '2021-10-11 15:49:46'),
(222, '9453c12f-edd7-4732-aa36-031a04393e14', 'deleted', 'App\\Models\\Cursos', '94929219-0593-476c-ba83-c74ec97177f0', 'App\\Models\\User', '9453c12f-edd7-4732-aa36-031a04393e14', '{\"attributes\":{\"id\":\"94929219-0593-476c-ba83-c74ec97177f0\",\"nome\":\"Curso de Vue JS 2\",\"descricao\":\"<p><span style=\\\"color: rgb(143, 143, 143); font-family: Montserrat, sans-serif;\\\">Esse curso \\u00e9 especialmente para quem nunca jamais trabalhou com a maravilha linguagem de programa\\u00e7\\u00e3o JavaScript (JS), neste curso abordaremos os conceitos b\\u00e1sicos da linguagem aplicando em diversos exemplos reais.<\\/span><br><\\/p>\",\"valor\":\"100.000,00\",\"data_inicio\":\"06\\/10\\/2021\",\"data_fim\":\"08\\/10\\/2021\",\"qtd_inscritos\":55,\"deleted_at\":null,\"created_at\":\"2021-10-07T02:06:12.000000Z\",\"updated_at\":\"2021-10-07T02:06:12.000000Z\"}}', '2021-10-11 15:51:03', '2021-10-11 15:51:03'),
(223, '9453c12f-edd7-4732-aa36-031a04393e14', 'deleted', 'App\\Models\\Cursos', '94928e90-e4a6-4373-b735-bb2a1d042853', 'App\\Models\\User', '9453c12f-edd7-4732-aa36-031a04393e14', '{\"attributes\":{\"id\":\"94928e90-e4a6-4373-b735-bb2a1d042853\",\"nome\":\"Curso de Vue JS 2\",\"descricao\":\"<p><span style=\\\"color: rgb(143, 143, 143); font-family: Montserrat, sans-serif;\\\">Esse curso \\u00e9 especialmente para quem nunca jamais trabalhou com a maravilha linguagem de programa\\u00e7\\u00e3o JavaScript (JS), neste curso abordaremos os conceitos b\\u00e1sicos da linguagem aplicando em diversos exemplos reais.<\\/span><br><\\/p>\",\"valor\":\"125.533,00\",\"data_inicio\":\"06\\/10\\/2021\",\"data_fim\":\"06\\/10\\/2021\",\"qtd_inscritos\":55,\"deleted_at\":null,\"created_at\":\"2021-10-07T01:56:19.000000Z\",\"updated_at\":\"2021-10-07T01:56:19.000000Z\"}}', '2021-10-11 15:54:03', '2021-10-11 15:54:03'),
(224, '9453c12f-edd7-4732-aa36-031a04393e14', 'deleted', 'App\\Models\\Cursos', '94928f07-3b19-4a8c-84dd-24441955a5ff', 'App\\Models\\User', '9453c12f-edd7-4732-aa36-031a04393e14', '{\"attributes\":{\"id\":\"94928f07-3b19-4a8c-84dd-24441955a5ff\",\"nome\":\"Curso de Vue JS 2\",\"descricao\":\"<p><span style=\\\"color: rgb(143, 143, 143); font-family: Montserrat, sans-serif;\\\">Esse curso \\u00e9 especialmente para quem nunca jamais trabalhou com a maravilha linguagem de programa\\u00e7\\u00e3o JavaScript (JS), neste curso abordaremos os conceitos b\\u00e1sicos da linguagem aplicando em diversos exemplos reais.<\\/span><br><\\/p>\",\"valor\":\"100.023,00\",\"data_inicio\":\"06\\/10\\/2021\",\"data_fim\":\"07\\/10\\/2021\",\"qtd_inscritos\":55,\"deleted_at\":null,\"created_at\":\"2021-10-07T01:57:37.000000Z\",\"updated_at\":\"2021-10-07T01:57:37.000000Z\"}}', '2021-10-11 15:54:35', '2021-10-11 15:54:35'),
(225, '9453c12f-edd7-4732-aa36-031a04393e14', 'deleted', 'App\\Models\\Cursos', '9492888a-d5ef-44e3-9bce-2b7073e1b5be', 'App\\Models\\User', '9453c12f-edd7-4732-aa36-031a04393e14', '{\"attributes\":{\"id\":\"9492888a-d5ef-44e3-9bce-2b7073e1b5be\",\"nome\":\"Curso Laravel Multi-Tenancy Multi Database\",\"descricao\":\"<p><span style=\\\"color: rgb(143, 143, 143); font-family: Montserrat, sans-serif;\\\">Aprenda a centralizar diversos tenants no mesmo sistema, e cada uma com o seu pr\\u00f3prio database isolado. Aprenda a trabalhar com conceitos avan\\u00e7ados do Laravel neste curso!<\\/span><br><\\/p>\",\"valor\":\"155.533,00\",\"data_inicio\":\"06\\/10\\/2021\",\"data_fim\":\"06\\/10\\/2021\",\"qtd_inscritos\":4,\"deleted_at\":null,\"created_at\":\"2021-10-07T01:39:29.000000Z\",\"updated_at\":\"2021-10-07T01:39:29.000000Z\"}}', '2021-10-11 16:00:11', '2021-10-11 16:00:11'),
(226, '9453c12f-edd7-4732-aa36-031a04393e14', 'deleted', 'App\\Models\\Cursos', '9491c961-70f9-4b04-84d7-7f0808dabbc8', 'App\\Models\\User', '9453c12f-edd7-4732-aa36-031a04393e14', '{\"attributes\":{\"id\":\"9491c961-70f9-4b04-84d7-7f0808dabbc8\",\"nome\":\"Curso de Vue JS 2\",\"descricao\":\"<p><span style=\\\"color: rgb(143, 143, 143); font-family: Montserrat, sans-serif;\\\">Aprenda a criar Aplicaes com o Melhor Framework JavaScript da Atualidade, este o Framework JS que mais cresce, tudo por conta da simplicidade e recursos avanados<\\/span><br><\\/p>\",\"valor\":\"512.500,00\",\"data_inicio\":\"06\\/10\\/2021\",\"data_fim\":\"06\\/10\\/2021\",\"qtd_inscritos\":1,\"deleted_at\":null,\"created_at\":\"2021-10-06T16:44:57.000000Z\",\"updated_at\":\"2021-10-06T16:44:57.000000Z\"}}', '2021-10-11 16:02:53', '2021-10-11 16:02:53');
INSERT INTO `activity_log` (`id`, `log_name`, `description`, `subject_type`, `subject_id`, `causer_type`, `causer_id`, `properties`, `created_at`, `updated_at`) VALUES
(227, '9453c12f-edd7-4732-aa36-031a04393e14', 'updated', 'App\\Models\\Cursos', '9491abf8-951b-4521-af29-cfda6b1232ca', 'App\\Models\\User', '9453c12f-edd7-4732-aa36-031a04393e14', '{\"attributes\":{\"id\":\"9491abf8-951b-4521-af29-cfda6b1232ca\",\"nome\":\"Livro Laravel Database - O Guia Definitivo\",\"descricao\":\"<p><span style=\\\"color: rgb(143, 143, 143); font-family: Montserrat, sans-serif;\\\">Aprenda todos os recursos de manipula\\u00e7\\u00e3o de dados dispon\\u00edveis no Laravel, voc\\u00ea ir\\u00e1 aprender que o Laravel \\u00e9 muito rico em recursos e existem v\\u00e1rios recursos escondidos que tornam o nosso trabalho extremamente mais produtivo.<\\/span><br><\\/p>\",\"valor\":\"100.000,00\",\"data_inicio\":\"06\\/10\\/2021\",\"data_fim\":\"06\\/10\\/2021\",\"qtd_inscritos\":4,\"deleted_at\":null,\"created_at\":\"2021-10-06T15:22:43.000000Z\",\"updated_at\":\"2021-10-11T16:15:15.000000Z\"},\"old\":{\"id\":\"9491abf8-951b-4521-af29-cfda6b1232ca\",\"nome\":\"Livro Laravel Database - O Guia Definitivo\",\"descricao\":\"<p><span style=\\\"color: rgb(143, 143, 143); font-family: Montserrat, sans-serif;\\\">Aprenda todos os recursos de manipula\\u00e7\\u00e3o de dados dispon\\u00edveis no Laravel, voc\\u00ea ir\\u00e1 aprender que o Laravel \\u00e9 muito rico em recursos e existem v\\u00e1rios recursos escondidos que tornam o nosso trabalho extremamente mais produtivo.<\\/span><br><\\/p>\",\"valor\":\"50,33\",\"data_inicio\":\"06\\/10\\/2021\",\"data_fim\":\"06\\/10\\/2021\",\"qtd_inscritos\":4,\"deleted_at\":null,\"created_at\":\"2021-10-06T15:22:43.000000Z\",\"updated_at\":\"2021-10-10T19:55:25.000000Z\"}}', '2021-10-11 16:15:15', '2021-10-11 16:15:15'),
(228, '9453c12f-edd7-4732-aa36-031a04393e14', 'deleted', 'App\\Models\\Pedido', '949b0b8b-bf13-4c23-b88a-eab08112f0a1', 'App\\Models\\User', '9453c12f-edd7-4732-aa36-031a04393e14', '{\"attributes\":{\"id\":\"949b0b8b-bf13-4c23-b88a-eab08112f0a1\",\"user_id\":\"945b7ca7-1a28-4c6d-8f7b-6b6a570966b8\",\"referencia\":\"202110110412226163e3d662cbc\",\"code\":\"3B0052AF-D64E-41EA-892C-D4E0C6D7E080\",\"status\":\"Paga\",\"valor\":\"155.000,00\",\"formapagamento\":\"Cart\\u00e3o de cr\\u00e9dito\",\"parcelas\":\"10\",\"deleted_at\":\"2021-10-11T16:16:39.000000Z\",\"created_at\":\"2021-11-10T03:00:00.000000Z\",\"updated_at\":\"2021-11-10T03:00:00.000000Z\"}}', '2021-10-11 16:16:39', '2021-10-11 16:16:39'),
(229, '9453c12f-edd7-4732-aa36-031a04393e14', 'deleted', 'App\\Models\\Cursos', '9491abf8-951b-4521-af29-cfda6b1232ca', 'App\\Models\\User', '9453c12f-edd7-4732-aa36-031a04393e14', '{\"attributes\":{\"id\":\"9491abf8-951b-4521-af29-cfda6b1232ca\",\"nome\":\"Livro Laravel Database - O Guia Definitivo\",\"descricao\":\"<p><span style=\\\"color: rgb(143, 143, 143); font-family: Montserrat, sans-serif;\\\">Aprenda todos os recursos de manipula\\u00e7\\u00e3o de dados dispon\\u00edveis no Laravel, voc\\u00ea ir\\u00e1 aprender que o Laravel \\u00e9 muito rico em recursos e existem v\\u00e1rios recursos escondidos que tornam o nosso trabalho extremamente mais produtivo.<\\/span><br><\\/p>\",\"valor\":\"100.000,00\",\"data_inicio\":\"06\\/10\\/2021\",\"data_fim\":\"06\\/10\\/2021\",\"qtd_inscritos\":4,\"deleted_at\":null,\"created_at\":\"2021-10-06T15:22:43.000000Z\",\"updated_at\":\"2021-10-11T16:15:15.000000Z\"}}', '2021-10-11 16:19:23', '2021-10-11 16:19:23'),
(230, '9453c12f-edd7-4732-aa36-031a04393e14', 'deleted', 'App\\Models\\Cursos', '9491b28f-02e4-4c12-b129-bb245512107a', 'App\\Models\\User', '9453c12f-edd7-4732-aa36-031a04393e14', '{\"attributes\":{\"id\":\"9491b28f-02e4-4c12-b129-bb245512107a\",\"nome\":\"Curso Laravel Multi-Tenancy - Single Database\",\"descricao\":\"<p><span style=\\\"color: rgb(143, 143, 143); font-family: Montserrat, sans-serif;\\\">Aprenda a criar aplica\\u00e7\\u00f5es que centralizam N empresas. Neste formato facilita a manuten\\u00e7\\u00e3o da aplica\\u00e7\\u00e3o, e cria\\u00e7\\u00e3o de novas features, porque o c\\u00f3digo de todas as empresas \\u00e9 centralizado<\\/span><br><\\/p>\",\"valor\":\"155.522,00\",\"data_inicio\":\"06\\/10\\/2021\",\"data_fim\":\"06\\/10\\/2021\",\"qtd_inscritos\":2,\"deleted_at\":\"2021-10-11T16:20:19.000000Z\",\"created_at\":\"2021-10-06T15:41:08.000000Z\",\"updated_at\":\"2021-10-11T16:20:19.000000Z\"}}', '2021-10-11 16:20:19', '2021-10-11 16:20:19'),
(231, '9453c12f-edd7-4732-aa36-031a04393e14', 'deleted', 'App\\Models\\Cursos', '9491c9fa-779c-470f-9ffb-1f611ed5442d', 'App\\Models\\User', '9453c12f-edd7-4732-aa36-031a04393e14', '{\"attributes\":{\"id\":\"9491c9fa-779c-470f-9ffb-1f611ed5442d\",\"nome\":\"Curso de Vue JS 2\",\"descricao\":\"<p><span style=\\\"color: rgb(143, 143, 143); font-family: Montserrat, sans-serif;\\\">Aprenda a criar Aplicaes com o Melhor Framework JavaScript da Atualidade, este o Framework JS que mais cresce, tudo por conta da simplicidade e recursos avanados<\\/span><br><\\/p>\",\"valor\":\"512.500,00\",\"data_inicio\":\"06\\/10\\/2021\",\"data_fim\":\"06\\/10\\/2021\",\"qtd_inscritos\":1,\"deleted_at\":\"2021-10-11T16:20:34.000000Z\",\"created_at\":\"2021-10-06T16:46:38.000000Z\",\"updated_at\":\"2021-10-11T16:20:34.000000Z\"}}', '2021-10-11 16:20:34', '2021-10-11 16:20:34'),
(232, '9453c12f-edd7-4732-aa36-031a04393e14', 'deleted', 'App\\Models\\Cursos', '9491ca6c-3e0e-4453-9a2b-3052e6c6a5d6', 'App\\Models\\User', '9453c12f-edd7-4732-aa36-031a04393e14', '{\"attributes\":{\"id\":\"9491ca6c-3e0e-4453-9a2b-3052e6c6a5d6\",\"nome\":\"Curso de Laravel com Vue.js 2\",\"descricao\":\"<p><span style=\\\"color: rgb(143, 143, 143); font-family: Montserrat, sans-serif;\\\">APRENDA A TRABALHAR COM O PODEROSO FRAMEWORK PHP LARAVEL (API Restful), E AINDA ABUSE DOS RECURSOS DO VUE (SPA) PARA TRABALHAR COM FRONTEND DE MANEIRA TOTALMENTE PROFISSIONAL<\\/span><br><\\/p>\",\"valor\":\"5.699.222,00\",\"data_inicio\":\"06\\/10\\/2021\",\"data_fim\":\"06\\/10\\/2021\",\"qtd_inscritos\":1,\"deleted_at\":\"2021-10-11T16:26:17.000000Z\",\"created_at\":\"2021-10-06T16:47:52.000000Z\",\"updated_at\":\"2021-10-11T16:26:17.000000Z\"}}', '2021-10-11 16:26:17', '2021-10-11 16:26:17'),
(233, '9453c12f-edd7-4732-aa36-031a04393e14', 'deleted', 'App\\Models\\Cursos', '9491cac6-4380-4caf-aa93-26e94665e1c6', 'App\\Models\\User', '9453c12f-edd7-4732-aa36-031a04393e14', '{\"attributes\":{\"id\":\"9491cac6-4380-4caf-aa93-26e94665e1c6\",\"nome\":\"Curso de Laravel com Vue.js 2\",\"descricao\":\"<p><span style=\\\"color: rgb(143, 143, 143); font-family: Montserrat, sans-serif;\\\">APRENDA A TRABALHAR COM O PODEROSO FRAMEWORK PHP LARAVEL (API Restful), E AINDA ABUSE DOS RECURSOS DO VUE (SPA) PARA TRABALHAR COM FRONTEND DE MANEIRA TOTALMENTE PROFISSIONAL<\\/span><br><\\/p>\",\"valor\":\"5.699.222,00\",\"data_inicio\":\"06\\/10\\/2021\",\"data_fim\":\"06\\/10\\/2021\",\"qtd_inscritos\":1,\"deleted_at\":\"2021-10-11T16:28:16.000000Z\",\"created_at\":\"2021-10-06T16:48:51.000000Z\",\"updated_at\":\"2021-10-11T16:28:16.000000Z\"}}', '2021-10-11 16:28:16', '2021-10-11 16:28:16'),
(234, '9453c12f-edd7-4732-aa36-031a04393e14', 'deleted', 'App\\Models\\Cursos', '9491ca2e-1a56-4bb3-9b77-20cd878e270f', 'App\\Models\\User', '9453c12f-edd7-4732-aa36-031a04393e14', '{\"attributes\":{\"id\":\"9491ca2e-1a56-4bb3-9b77-20cd878e270f\",\"nome\":\"Curso de Laravel com Vue.js 2\",\"descricao\":\"<p><span style=\\\"color: rgb(143, 143, 143); font-family: Montserrat, sans-serif;\\\">APRENDA A TRABALHAR COM O PODEROSO FRAMEWORK PHP LARAVEL (API Restful), E AINDA ABUSE DOS RECURSOS DO VUE (SPA) PARA TRABALHAR COM FRONTEND DE MANEIRA TOTALMENTE PROFISSIONAL<\\/span><br><\\/p>\",\"valor\":\"5.699.222,00\",\"data_inicio\":\"06\\/10\\/2021\",\"data_fim\":\"06\\/10\\/2021\",\"qtd_inscritos\":1,\"deleted_at\":\"2021-10-11T16:28:58.000000Z\",\"created_at\":\"2021-10-06T16:47:11.000000Z\",\"updated_at\":\"2021-10-11T16:28:58.000000Z\"}}', '2021-10-11 16:28:58', '2021-10-11 16:28:58'),
(235, '9453c12f-edd7-4732-aa36-031a04393e14', 'deleted', 'App\\Models\\Cursos', '9491cbbe-f4b6-41ee-b8e3-4429b5d25300', 'App\\Models\\User', '9453c12f-edd7-4732-aa36-031a04393e14', '{\"attributes\":{\"id\":\"9491cbbe-f4b6-41ee-b8e3-4429b5d25300\",\"nome\":\"Curso de Laravel com Vue.js 2\",\"descricao\":\"<p><span style=\\\"color: rgb(143, 143, 143); font-family: Montserrat, sans-serif;\\\">APRENDA A TRABALHAR COM O PODEROSO FRAMEWORK PHP LARAVEL (API Restful), E AINDA ABUSE DOS RECURSOS DO VUE (SPA) PARA TRABALHAR COM FRONTEND DE MANEIRA TOTALMENTE PROFISSIONAL<\\/span><br><\\/p>\",\"valor\":\"5.699.222,00\",\"data_inicio\":\"06\\/10\\/2021\",\"data_fim\":\"06\\/10\\/2021\",\"qtd_inscritos\":1,\"deleted_at\":\"2021-10-11T16:30:15.000000Z\",\"created_at\":\"2021-10-06T16:51:34.000000Z\",\"updated_at\":\"2021-10-11T16:30:15.000000Z\"}}', '2021-10-11 16:30:15', '2021-10-11 16:30:15'),
(236, 'Pedido', 'updated', 'App\\Models\\Pedido', '949b0b8b-bf13-4c23-b88a-eab08112f0a1', NULL, NULL, '{\"attributes\":{\"id\":\"949b0b8b-bf13-4c23-b88a-eab08112f0a1\",\"user_id\":\"945b7ca7-1a28-4c6d-8f7b-6b6a570966b8\",\"referencia\":\"202110110412226163e3d662cbc\",\"code\":\"3B0052AF-D64E-41EA-892C-D4E0C6D7E080\",\"status\":\"Paga\",\"valor\":\"155.000,00\",\"formapagamento\":\"Cart\\u00e3o de cr\\u00e9dito\",\"parcelas\":\"10\",\"deleted_at\":null,\"created_at\":\"2021-11-10T03:00:00.000000Z\",\"updated_at\":\"2021-11-10T03:00:00.000000Z\"},\"old\":{\"id\":\"949b0b8b-bf13-4c23-b88a-eab08112f0a1\",\"user_id\":\"945b7ca7-1a28-4c6d-8f7b-6b6a570966b8\",\"referencia\":\"202110110412226163e3d662cbc\",\"code\":\"3B0052AF-D64E-41EA-892C-D4E0C6D7E080\",\"status\":\"Aguardando pagamento\",\"valor\":\"155.000,00\",\"formapagamento\":\"Cart\\u00e3o de cr\\u00e9dito\",\"parcelas\":\"10\",\"deleted_at\":null,\"created_at\":\"2021-11-10T03:00:00.000000Z\",\"updated_at\":\"2021-11-10T03:00:00.000000Z\"}}', '2021-10-11 16:52:26', '2021-10-11 16:52:26'),
(237, '9455bf08-7fa9-483a-8e46-6fc112a58aed', 'created', 'App\\Models\\Pedido', '949be963-49b0-4f99-bacd-34d94e782567', 'App\\Models\\User', '9455bf08-7fa9-483a-8e46-6fc112a58aed', '{\"attributes\":{\"id\":\"949be963-49b0-4f99-bacd-34d94e782567\",\"user_id\":\"9455bf08-7fa9-483a-8e46-6fc112a58aed\",\"referencia\":\"2021101114324061647538d1e57\",\"code\":\"F6DEAD7F-6896-4087-ABA2-3904DBB2AEFB\",\"status\":\"Aguardando pagamento\",\"valor\":\"203.000,00\",\"formapagamento\":\"Boleto\",\"parcelas\":\"1\",\"deleted_at\":null,\"created_at\":\"2021-11-10T03:00:00.000000Z\",\"updated_at\":\"2021-11-10T03:00:00.000000Z\"}}', '2021-10-11 17:32:44', '2021-10-11 17:32:44'),
(238, '9455bf08-7fa9-483a-8e46-6fc112a58aed', 'created', 'App\\Models\\ItemPedido', '949be963-54ea-487e-b45d-8beaebbf9bd1', 'App\\Models\\User', '9455bf08-7fa9-483a-8e46-6fc112a58aed', '{\"attributes\":{\"id\":\"949be963-54ea-487e-b45d-8beaebbf9bd1\",\"pedido_id\":\"949be963-49b0-4f99-bacd-34d94e782567\",\"produto_id\":\"9455bb42-b91b-4bc0-8e86-b07117c15f26\",\"descricao_produto\":\"Curso de Laravel Avan\\u00e7ado\",\"quantidade\":\"1\",\"valor\":\"2.030,00\",\"deleted_at\":null,\"created_at\":\"2021-10-11T17:32:44.000000Z\",\"updated_at\":\"2021-10-11T17:32:44.000000Z\"}}', '2021-10-11 17:32:44', '2021-10-11 17:32:44'),
(239, '9455bf08-7fa9-483a-8e46-6fc112a58aed', 'created', 'App\\Models\\Pedido', '949bea85-167e-4101-acf7-7db8666d4822', 'App\\Models\\User', '9455bf08-7fa9-483a-8e46-6fc112a58aed', '{\"attributes\":{\"id\":\"949bea85-167e-4101-acf7-7db8666d4822\",\"user_id\":\"9455bf08-7fa9-483a-8e46-6fc112a58aed\",\"referencia\":\"20211011143550616475f638ce8\",\"code\":\"FC146B94-3D46-4284-A980-059BB71BDEEA\",\"status\":\"Aguardando pagamento\",\"valor\":\"155.000,00\",\"formapagamento\":\"Boleto\",\"parcelas\":\"1\",\"deleted_at\":null,\"created_at\":\"2021-11-10T03:00:00.000000Z\",\"updated_at\":\"2021-11-10T03:00:00.000000Z\"}}', '2021-10-11 17:35:54', '2021-10-11 17:35:54'),
(240, '9455bf08-7fa9-483a-8e46-6fc112a58aed', 'created', 'App\\Models\\ItemPedido', '949bea85-20c0-46e9-98c7-9d55332b90c1', 'App\\Models\\User', '9455bf08-7fa9-483a-8e46-6fc112a58aed', '{\"attributes\":{\"id\":\"949bea85-20c0-46e9-98c7-9d55332b90c1\",\"pedido_id\":\"949bea85-167e-4101-acf7-7db8666d4822\",\"produto_id\":\"9491a14f-2e43-4e92-aa54-d1a5969bbea3\",\"descricao_produto\":\"Curso LaraFood + VueFood + FlutterFood\",\"quantidade\":\"1\",\"valor\":\"500,00\",\"deleted_at\":null,\"created_at\":\"2021-10-11T17:35:54.000000Z\",\"updated_at\":\"2021-10-11T17:35:54.000000Z\"}}', '2021-10-11 17:35:54', '2021-10-11 17:35:54'),
(241, '9455bf08-7fa9-483a-8e46-6fc112a58aed', 'created', 'App\\Models\\ItemPedido', '949bea85-26b9-4640-8c1d-29548ca8cabc', 'App\\Models\\User', '9455bf08-7fa9-483a-8e46-6fc112a58aed', '{\"attributes\":{\"id\":\"949bea85-26b9-4640-8c1d-29548ca8cabc\",\"pedido_id\":\"949bea85-167e-4101-acf7-7db8666d4822\",\"produto_id\":\"945459cd-be55-48be-9b6c-c3704e498ea6\",\"descricao_produto\":\"Curso de PHP Avan\\u00e7ado\",\"quantidade\":\"1\",\"valor\":\"1.050,00\",\"deleted_at\":null,\"created_at\":\"2021-10-11T17:35:54.000000Z\",\"updated_at\":\"2021-10-11T17:35:54.000000Z\"}}', '2021-10-11 17:35:54', '2021-10-11 17:35:54'),
(242, '9455bf08-7fa9-483a-8e46-6fc112a58aed', 'created', 'App\\Models\\Pedido', '949beb81-3792-406f-b938-2a0e2bbac53d', 'App\\Models\\User', '9455bf08-7fa9-483a-8e46-6fc112a58aed', '{\"attributes\":{\"id\":\"949beb81-3792-406f-b938-2a0e2bbac53d\",\"user_id\":\"9455bf08-7fa9-483a-8e46-6fc112a58aed\",\"referencia\":\"202110111438356164769b4cfa9\",\"code\":\"FB5B10F7-FC9F-4E54-8BA7-CF341211DC40\",\"status\":\"Aguardando pagamento\",\"valor\":\"50.000,00\",\"formapagamento\":\"Boleto\",\"parcelas\":\"1\",\"deleted_at\":null,\"created_at\":\"2021-11-10T03:00:00.000000Z\",\"updated_at\":\"2021-11-10T03:00:00.000000Z\"}}', '2021-10-11 17:38:39', '2021-10-11 17:38:39'),
(243, '9455bf08-7fa9-483a-8e46-6fc112a58aed', 'created', 'App\\Models\\ItemPedido', '949beb81-4266-4a36-b2f1-5ce1182f22d1', 'App\\Models\\User', '9455bf08-7fa9-483a-8e46-6fc112a58aed', '{\"attributes\":{\"id\":\"949beb81-4266-4a36-b2f1-5ce1182f22d1\",\"pedido_id\":\"949beb81-3792-406f-b938-2a0e2bbac53d\",\"produto_id\":\"9491a14f-2e43-4e92-aa54-d1a5969bbea3\",\"descricao_produto\":\"Curso LaraFood + VueFood + FlutterFood\",\"quantidade\":\"1\",\"valor\":\"500,00\",\"deleted_at\":null,\"created_at\":\"2021-10-11T17:38:39.000000Z\",\"updated_at\":\"2021-10-11T17:38:39.000000Z\"}}', '2021-10-11 17:38:39', '2021-10-11 17:38:39'),
(244, 'Gravado pelo Aluno', 'created', 'App\\Models\\User', '949beffe-4092-4a1d-835f-c79ba9ae87ce', NULL, NULL, '{\"attributes\":{\"id\":\"949beffe-4092-4a1d-835f-c79ba9ae87ce\",\"name\":\"Maria\",\"last_name\":\"da Silva\",\"email\":\"maria@silva.com\",\"email_verified_at\":null,\"password\":\"$2y$10$vpw8y.JC5ZYUbKRZllPcMOrR16Hv\\/HNeom\\/FfDr\\/eWyJPeOEJ1rFW\",\"remember_token\":null,\"created_at\":\"2021-10-11T17:51:12.000000Z\",\"updated_at\":\"2021-10-11T17:51:12.000000Z\"}}', '2021-10-11 17:51:12', '2021-10-11 17:51:12'),
(245, 'Gravado pelo Aluno', 'created', 'App\\Models\\Aluno', '949beffe-7a1d-4e1e-9340-fd0a15f8e7ed', NULL, NULL, '{\"attributes\":{\"id\":\"949beffe-7a1d-4e1e-9340-fd0a15f8e7ed\",\"users_id\":\"949beffe-4092-4a1d-835f-c79ba9ae87ce\",\"tipo_pessoa\":\"Profissional\",\"matricula\":\"Y984X\",\"cpf\":\"409.016.090-13\",\"data_nascimento\":\"05\\/04\\/1975\",\"telefone\":\"(22)5699-8999\",\"celular\":\"(22)26998-9999\",\"deleted_at\":null,\"created_at\":\"2021-10-11T17:51:12.000000Z\",\"updated_at\":\"2021-10-11T17:51:12.000000Z\"}}', '2021-10-11 17:51:12', '2021-10-11 17:51:12'),
(246, 'Gravado pelo Aluno', 'created', 'App\\Models\\Endereco', '949beffe-aa8b-4f26-bf63-595768e58d02', NULL, NULL, '{\"attributes\":{\"id\":\"949beffe-aa8b-4f26-bf63-595768e58d02\",\"aluno_id\":\"949beffe-7a1d-4e1e-9340-fd0a15f8e7ed\",\"cep\":\"28640000\",\"logradouro\":\"Rua das Flores\",\"complemento\":\"Casa\",\"numero\":\"699\",\"bairro\":\"Porto Velho do Cunha\",\"localidade\":\"Carmo de Minas\",\"uf\":\"MS\",\"ibge\":null,\"gia\":null,\"ddd\":null,\"siafi\":null,\"deleted_at\":null,\"created_at\":\"2021-10-11T17:51:12.000000Z\",\"updated_at\":\"2021-10-11T17:51:12.000000Z\"}}', '2021-10-11 17:51:12', '2021-10-11 17:51:12'),
(247, '9455bf08-7fa9-483a-8e46-6fc112a58aed', 'created', 'App\\Models\\Pedido', '949bf08f-cb5c-4ce7-be8e-f893076a4505', 'App\\Models\\User', '9455bf08-7fa9-483a-8e46-6fc112a58aed', '{\"attributes\":{\"id\":\"949bf08f-cb5c-4ce7-be8e-f893076a4505\",\"user_id\":\"9455bf08-7fa9-483a-8e46-6fc112a58aed\",\"referencia\":\"20211011145243616479ebd25ad\",\"code\":\"D509A06F-F4E6-4EFB-A2EC-325E2E9048E3\",\"status\":\"Aguardando pagamento\",\"valor\":\"50.000,00\",\"formapagamento\":\"Boleto\",\"parcelas\":\"1\",\"deleted_at\":null,\"created_at\":\"2021-11-10T03:00:00.000000Z\",\"updated_at\":\"2021-11-10T03:00:00.000000Z\"}}', '2021-10-11 17:52:47', '2021-10-11 17:52:47'),
(248, '9455bf08-7fa9-483a-8e46-6fc112a58aed', 'created', 'App\\Models\\ItemPedido', '949bf08f-d9b5-4f75-9bce-0a15b09bb3b5', 'App\\Models\\User', '9455bf08-7fa9-483a-8e46-6fc112a58aed', '{\"attributes\":{\"id\":\"949bf08f-d9b5-4f75-9bce-0a15b09bb3b5\",\"pedido_id\":\"949bf08f-cb5c-4ce7-be8e-f893076a4505\",\"produto_id\":\"9491a14f-2e43-4e92-aa54-d1a5969bbea3\",\"descricao_produto\":\"Curso LaraFood + VueFood + FlutterFood\",\"quantidade\":\"1\",\"valor\":\"500,00\",\"deleted_at\":null,\"created_at\":\"2021-10-11T17:52:48.000000Z\",\"updated_at\":\"2021-10-11T17:52:48.000000Z\"}}', '2021-10-11 17:52:48', '2021-10-11 17:52:48'),
(249, '9455bf08-7fa9-483a-8e46-6fc112a58aed', 'created', 'App\\Models\\Pedido', '949bf35c-fc4c-448b-813e-b60cc5558a0c', 'App\\Models\\User', '9455bf08-7fa9-483a-8e46-6fc112a58aed', '{\"attributes\":{\"id\":\"949bf35c-fc4c-448b-813e-b60cc5558a0c\",\"user_id\":\"9455bf08-7fa9-483a-8e46-6fc112a58aed\",\"referencia\":\"2021101115003461647bc273ed7\",\"code\":\"B78F99E3-1DD7-4CC4-B3E5-2BEF68D03E45\",\"status\":\"Aguardando pagamento\",\"valor\":\"203.000,00\",\"formapagamento\":\"Boleto\",\"parcelas\":\"1\",\"deleted_at\":null,\"created_at\":\"2021-11-10T03:00:00.000000Z\",\"updated_at\":\"2021-11-10T03:00:00.000000Z\"}}', '2021-10-11 18:00:38', '2021-10-11 18:00:38'),
(250, '9455bf08-7fa9-483a-8e46-6fc112a58aed', 'created', 'App\\Models\\ItemPedido', '949bf35d-05b3-47b8-8f22-28f3af7d308a', 'App\\Models\\User', '9455bf08-7fa9-483a-8e46-6fc112a58aed', '{\"attributes\":{\"id\":\"949bf35d-05b3-47b8-8f22-28f3af7d308a\",\"pedido_id\":\"949bf35c-fc4c-448b-813e-b60cc5558a0c\",\"produto_id\":\"9455bb42-b91b-4bc0-8e86-b07117c15f26\",\"descricao_produto\":\"Curso de Laravel Avan\\u00e7ado\",\"quantidade\":\"1\",\"valor\":\"2.030,00\",\"deleted_at\":null,\"created_at\":\"2021-10-11T18:00:38.000000Z\",\"updated_at\":\"2021-10-11T18:00:38.000000Z\"}}', '2021-10-11 18:00:38', '2021-10-11 18:00:38'),
(251, '9455bf08-7fa9-483a-8e46-6fc112a58aed', 'created', 'App\\Models\\Pedido', '949bf422-3943-4a56-aa14-e654f3b55c8e', 'App\\Models\\User', '9455bf08-7fa9-483a-8e46-6fc112a58aed', '{\"attributes\":{\"id\":\"949bf422-3943-4a56-aa14-e654f3b55c8e\",\"user_id\":\"9455bf08-7fa9-483a-8e46-6fc112a58aed\",\"referencia\":\"2021101115023061647c36794fd\",\"code\":\"0FFE48F6-865D-4A68-98F2-BE99B611C61C\",\"status\":\"Aguardando pagamento\",\"valor\":\"50.000,00\",\"formapagamento\":\"Boleto\",\"parcelas\":\"1\",\"deleted_at\":null,\"created_at\":\"2021-11-10T03:00:00.000000Z\",\"updated_at\":\"2021-11-10T03:00:00.000000Z\"}}', '2021-10-11 18:02:47', '2021-10-11 18:02:47'),
(252, '9455bf08-7fa9-483a-8e46-6fc112a58aed', 'created', 'App\\Models\\ItemPedido', '949bf422-45d3-4a4b-a916-7a615d9abed5', 'App\\Models\\User', '9455bf08-7fa9-483a-8e46-6fc112a58aed', '{\"attributes\":{\"id\":\"949bf422-45d3-4a4b-a916-7a615d9abed5\",\"pedido_id\":\"949bf422-3943-4a56-aa14-e654f3b55c8e\",\"produto_id\":\"9491a14f-2e43-4e92-aa54-d1a5969bbea3\",\"descricao_produto\":\"Curso LaraFood + VueFood + FlutterFood\",\"quantidade\":\"1\",\"valor\":\"500,00\",\"deleted_at\":null,\"created_at\":\"2021-10-11T18:02:47.000000Z\",\"updated_at\":\"2021-10-11T18:02:47.000000Z\"}}', '2021-10-11 18:02:47', '2021-10-11 18:02:47'),
(253, '9455bf08-7fa9-483a-8e46-6fc112a58aed', 'created', 'App\\Models\\Pedido', '949bf4b9-304d-4602-816e-6d4e99207bcb', 'App\\Models\\User', '9455bf08-7fa9-483a-8e46-6fc112a58aed', '{\"attributes\":{\"id\":\"949bf4b9-304d-4602-816e-6d4e99207bcb\",\"user_id\":\"9455bf08-7fa9-483a-8e46-6fc112a58aed\",\"referencia\":\"2021101115042261647ca6f2961\",\"code\":\"4AD8709B-F263-4A52-9562-6E5FEA3D6833\",\"status\":\"Aguardando pagamento\",\"valor\":\"50.000,00\",\"formapagamento\":\"Boleto\",\"parcelas\":\"1\",\"deleted_at\":null,\"created_at\":\"2021-11-10T03:00:00.000000Z\",\"updated_at\":\"2021-11-10T03:00:00.000000Z\"}}', '2021-10-11 18:04:26', '2021-10-11 18:04:26'),
(254, '9455bf08-7fa9-483a-8e46-6fc112a58aed', 'created', 'App\\Models\\ItemPedido', '949bf4b9-3b63-485e-8397-252e8fcb6abc', 'App\\Models\\User', '9455bf08-7fa9-483a-8e46-6fc112a58aed', '{\"attributes\":{\"id\":\"949bf4b9-3b63-485e-8397-252e8fcb6abc\",\"pedido_id\":\"949bf4b9-304d-4602-816e-6d4e99207bcb\",\"produto_id\":\"9491a14f-2e43-4e92-aa54-d1a5969bbea3\",\"descricao_produto\":\"Curso LaraFood + VueFood + FlutterFood\",\"quantidade\":\"1\",\"valor\":\"500,00\",\"deleted_at\":null,\"created_at\":\"2021-10-11T18:04:26.000000Z\",\"updated_at\":\"2021-10-11T18:04:26.000000Z\"}}', '2021-10-11 18:04:26', '2021-10-11 18:04:26');

-- --------------------------------------------------------

--
-- Table structure for table `alunos`
--

CREATE TABLE `alunos` (
  `id` varchar(36) NOT NULL,
  `users_id` varchar(36) NOT NULL,
  `tipo_pessoa` tinyint(1) DEFAULT NULL,
  `matricula` varchar(45) DEFAULT NULL,
  `cpf` varchar(11) DEFAULT NULL,
  `data_nascimento` date DEFAULT NULL,
  `telefone` varchar(10) DEFAULT NULL,
  `celular` varchar(11) DEFAULT NULL,
  `deleted_at` timestamp NULL DEFAULT NULL,
  `created_at` timestamp NULL DEFAULT current_timestamp(),
  `updated_at` timestamp NULL DEFAULT current_timestamp() ON UPDATE current_timestamp()
) ENGINE=InnoDB DEFAULT CHARSET=utf8;

--
-- Dumping data for table `alunos`
--

INSERT INTO `alunos` (`id`, `users_id`, `tipo_pessoa`, `matricula`, `cpf`, `data_nascimento`, `telefone`, `celular`, `deleted_at`, `created_at`, `updated_at`) VALUES
('9455bf08-8a21-4a79-b183-a80d14a286a7', '9455bf08-7fa9-483a-8e46-6fc112a58aed', 1, 'XVQ3M', '09593976710', '1979-04-05', '2225371620', '22996152305', NULL, '2021-09-06 20:26:21', '2021-10-10 20:54:07'),
('9455bf08-8a21-4a79-b183-a80d14a286a8', '945b7ca7-1a28-4c6d-8f7b-6b6a570966b8', 1, 'XVQ3P', '38845463095', '1980-04-05', '2225371620', '22996152305', NULL, '2021-09-06 20:26:21', '2021-10-10 20:54:07'),
('949beffe-7a1d-4e1e-9340-fd0a15f8e7ed', '949beffe-4092-4a1d-835f-c79ba9ae87ce', 2, 'Y984X', '40901609013', '1975-04-05', '2256998999', '22269989999', NULL, '2021-10-11 17:51:12', '2021-10-11 17:51:12');

-- --------------------------------------------------------

--
-- Table structure for table `alunos_cursos`
--

CREATE TABLE `alunos_cursos` (
  `code_verificacao` varchar(120) DEFAULT NULL,
  `autorizado` tinyint(1) DEFAULT NULL,
  `tokem` varchar(255) DEFAULT NULL,
  `token_transacao` varchar(255) DEFAULT NULL,
  `alunos_id` varchar(36) NOT NULL,
  `cursos_id` varchar(36) NOT NULL,
  `created_at` timestamp NULL DEFAULT current_timestamp()
) ENGINE=InnoDB DEFAULT CHARSET=utf8;

--
-- Dumping data for table `alunos_cursos`
--

INSERT INTO `alunos_cursos` (`code_verificacao`, `autorizado`, `tokem`, `token_transacao`, `alunos_id`, `cursos_id`, `created_at`) VALUES
('7994A74405057BB224507F84DF98D5D6', 0, NULL, NULL, '9455bf08-8a21-4a79-b183-a80d14a286a7', '945459cd-be55-48be-9b6c-c3704e498ea6', '2021-09-09 02:56:45');

-- --------------------------------------------------------

--
-- Table structure for table `anexos`
--

CREATE TABLE `anexos` (
  `id` varchar(36) NOT NULL,
  `titulo` varchar(120) DEFAULT NULL,
  `caminho` varchar(36) DEFAULT NULL,
  `deleted_at` timestamp NULL DEFAULT NULL,
  `created_at` timestamp NULL DEFAULT current_timestamp(),
  `updated_at` timestamp NULL DEFAULT current_timestamp() ON UPDATE current_timestamp()
) ENGINE=InnoDB DEFAULT CHARSET=utf8;

--
-- Dumping data for table `anexos`
--

INSERT INTO `anexos` (`id`, `titulo`, `caminho`, `deleted_at`, `created_at`, `updated_at`) VALUES
('945a5ce9-6947-48ef-bb95-f9d0fc6e639f', 'Logica de Programao PHP', '00510120210909613984a57056d.pdf', NULL, '2021-09-09 03:31:07', '2021-09-09 03:51:01'),
('94943b1d-65fe-4b53-afdd-5b2c5396829d', 'fsdfssfsfsfsfsfsfs', '18543820211007615f6c9e7d852', NULL, '2021-10-07 21:54:38', '2021-10-07 21:54:38'),
('94943c24-72f4-4d33-86c3-50bebd28c5ac', 'Livro Laravel Database - O Guia Definitivo -9', '18573020211007615f6d4add8e3', NULL, '2021-10-07 21:57:30', '2021-10-07 21:57:30'),
('94943f13-0324-49d0-b1ca-667f92ddf600', 'Livro Laravel Database - O Guia Definitivo -9', '19054220211007615f6f36c3daf', NULL, '2021-10-07 22:05:42', '2021-10-07 22:05:42'),
('94944119-5f77-40d1-bcdb-d3d5a0e4f0af', 'Livro Laravel Database - O Guia Definitivo -10', '19112220211007615f708a7c105', NULL, '2021-10-07 22:11:22', '2021-10-07 22:11:22'),
('94944392-351c-4b4c-b3f6-2070b01d5e3e', 'Livro Laravel Database - O Guia Definitivo -10', '19181720211007615f72293b9ff', NULL, '2021-10-07 22:18:17', '2021-10-07 22:18:17'),
('9494439f-f70f-426d-b098-1e4cec7e977f', 'Livro Laravel Database - O Guia Definitivo -11', '19182620211007615f7232410d6', NULL, '2021-10-07 22:18:26', '2021-10-07 22:18:26'),
('94945698-6a9c-4dfb-902c-5fc87f3739ea', 'Livro Laravel Database - O Guia Definitivo -11', '20112820211007615f7ea0efcf1', NULL, '2021-10-07 23:11:29', '2021-10-07 23:11:29'),
('94945946-09ca-467c-a069-c68d5798cbcd', 'Livro Laravel Database - O Guia Definitivo -13', '20185820211007615f80624bc86', NULL, '2021-10-07 23:18:58', '2021-10-07 23:18:58'),
('949595f3-ffe0-44a5-90a7-5c321842095b', 'FlutterFood', '1104282021100861604fec4db71', NULL, '2021-10-08 14:04:28', '2021-10-08 14:04:28'),
('9495960b-fb2e-481b-a0f9-83b4b1028add', 'FlutterFood - 2', '1104442021100861604ffc0ac05', NULL, '2021-10-08 14:04:44', '2021-10-08 14:04:44');

-- --------------------------------------------------------

--
-- Table structure for table `anexos_cursos`
--

CREATE TABLE `anexos_cursos` (
  `anexos_id` varchar(36) DEFAULT NULL,
  `cursos_id` varchar(36) DEFAULT NULL
) ENGINE=InnoDB DEFAULT CHARSET=utf8;

--
-- Dumping data for table `anexos_cursos`
--

INSERT INTO `anexos_cursos` (`anexos_id`, `cursos_id`) VALUES
('945a5ce9-6947-48ef-bb95-f9d0fc6e639f', '945459cd-be55-48be-9b6c-c3704e498ea6'),
('94943f13-0324-49d0-b1ca-667f92ddf600', '94943119-1758-4623-9df1-1cfbc3b515b7'),
('94944119-5f77-40d1-bcdb-d3d5a0e4f0af', '94943119-1758-4623-9df1-1cfbc3b515b7'),
('94944392-351c-4b4c-b3f6-2070b01d5e3e', '949442e5-1cf0-4a1c-978c-1e972c02dd5c'),
('9494439f-f70f-426d-b098-1e4cec7e977f', '949442e5-1cf0-4a1c-978c-1e972c02dd5c'),
('94945698-6a9c-4dfb-902c-5fc87f3739ea', '949442e5-1cf0-4a1c-978c-1e972c02dd5c'),
('94945946-09ca-467c-a069-c68d5798cbcd', '949442e5-1cf0-4a1c-978c-1e972c02dd5c'),
('949595f3-ffe0-44a5-90a7-5c321842095b', '949595c2-8230-4b90-bebb-878356bea583'),
('9495960b-fb2e-481b-a0f9-83b4b1028add', '949595c2-8230-4b90-bebb-878356bea583');

-- --------------------------------------------------------

--
-- Table structure for table `cursos`
--

CREATE TABLE `cursos` (
  `id` varchar(36) NOT NULL,
  `nome` varchar(120) DEFAULT NULL,
  `descricao` text DEFAULT NULL,
  `valor` double(11,2) DEFAULT NULL,
  `data_inicio` date DEFAULT NULL,
  `data_fim` date DEFAULT NULL,
  `qtd_inscritos` int(4) DEFAULT NULL,
  `deleted_at` timestamp NULL DEFAULT NULL,
  `created_at` timestamp NULL DEFAULT current_timestamp(),
  `updated_at` timestamp NULL DEFAULT current_timestamp() ON UPDATE current_timestamp()
) ENGINE=InnoDB DEFAULT CHARSET=utf8;

--
-- Dumping data for table `cursos`
--

INSERT INTO `cursos` (`id`, `nome`, `descricao`, `valor`, `data_inicio`, `data_fim`, `qtd_inscritos`, `deleted_at`, `created_at`, `updated_at`) VALUES
('945459cd-be55-48be-9b6c-c3704e498ea6', 'Curso de PHP Avanado', '<p>A Formao PHP da Alura  um guia de aprendizado com cursos e contedos para voc iniciar uma carreira bem sucedida como programador(a) Web PHP. Voc vai aprender desde os fundamentos da linguagem junto com as boas prticas e o essencial conhecimento de uma boa modelagem orientada a objetos.</p><p><b>O que  PHP?</b><br></p><p>O PHP  uma das linguagens de programao mais usada no desenvolvimento web. Por ser multi plataforma, open source, gratuita e bastante completa, a linguagem PHP conquistou o mercado e desenvolvedoras/es, tendo uma comunidade vibrante e uma evoluo rpida nos ltimos anos.</p>', 10.50, '2021-09-05', '2021-09-24', 10, NULL, '2021-09-06 03:47:28', '2021-10-10 19:55:25'),
('9455bb42-b91b-4bc0-8e86-b07117c15f26', 'Curso de Laravel Avanado', '<div><ul class=\"curso-detalhes-habilidades-list\" style=\"box-sizing: inherit; margin-right: 1.23em; margin-bottom: 2.25em; margin-left: 1.23em; padding: 0px; text-size-adjust: none; font-size: 0.9375rem; color: rgb(9, 51, 102); font-family: Inter, sans-serif; background-color: rgb(252, 253, 255);\"><li class=\"curso-detalhes-habilidades-item\" style=\"box-sizing: inherit; margin: 0px; padding: 0px; text-size-adjust: none; font-size: 1rem; font-stretch: normal; line-height: 1.69;\"><span style=\"font-family: &quot;Times New Roman&quot;;\">Entenda o padro MVC com Laravel</span></li><li class=\"curso-detalhes-habilidades-item\" style=\"box-sizing: inherit; margin: 0px; padding: 0px; text-size-adjust: none; font-size: 1rem; font-stretch: normal; line-height: 1.69;\"><span style=\"font-family: &quot;Times New Roman&quot;;\">Use o ORM Eloquent para persistir dados</span></li><li class=\"curso-detalhes-habilidades-item\" style=\"box-sizing: inherit; margin: 0px; padding: 0px; text-size-adjust: none; font-size: 1rem; font-stretch: normal; line-height: 1.69;\"><span style=\"font-family: &quot;Times New Roman&quot;;\">Trabalhe com formulrios e validao</span></li><li class=\"curso-detalhes-habilidades-item\" style=\"box-sizing: inherit; margin: 0px; padding: 0px; text-size-adjust: none; font-size: 1rem; font-stretch: normal; line-height: 1.69;\"><span style=\"font-family: &quot;Times New Roman&quot;;\">Ganhe produtividade no desenvolvimento web</span></li><li class=\"curso-detalhes-habilidades-item\" style=\"box-sizing: inherit; margin: 0px; padding: 0px; text-size-adjust: none; font-size: 1rem; font-stretch: normal; line-height: 1.69;\"><span style=\"font-family: &quot;Times New Roman&quot;;\">Use o Blade para a definio dos Views</span></li></ul></div>', 20.30, '2021-09-13', '2021-09-30', 20, NULL, '2021-09-06 20:15:48', '2021-10-10 19:55:25'),
('9491a14f-2e43-4e92-aa54-d1a5969bbea3', 'Curso LaraFood + VueFood + FlutterFood', '<p><span style=\"color: rgb(143, 143, 143); font-family: Montserrat, sans-serif;\">Que tal criar um sistema bem legalzo em Laravel? Vamos criar o LaraFood (o delivery completo feito em Laravel)</span><br></p>', 5.00, '2021-10-06', '2021-10-06', 20, NULL, '2021-10-06 14:52:54', '2021-10-10 19:55:25'),
('9491ad0f-76f3-408b-ac54-a0945e70eec2', 'Curso Laravel Multi-Tenancy Multi Database', '<p><span style=\"color: rgb(143, 143, 143); font-family: Montserrat, sans-serif;\">Aprenda a centralizar diversos tenants no mesmo sistema, e cada uma com o seu prprio database isolado. Aprenda a trabalhar com conceitos avanados do Laravel neste curso!</span><br></p>', 100.00, '2021-10-06', '2021-10-06', 4, NULL, '2021-10-06 15:25:46', '2021-10-10 19:55:25'),
('9491aebe-a848-40f4-b5ac-cb666b47515d', 'Curso Laravel Multi-Tenancy - Single Database', '<h1 class=\"heading-17\" style=\"font-size: 24px; margin-right: 0px; margin-bottom: 0px; margin-left: 0px; font-weight: 500; line-height: 29px; font-family: Montserrat, sans-serif; color: rgb(51, 51, 51);\"><span style=\"color: rgb(143, 143, 143); font-size: 14px;\">Aprenda a criar aplicaes que centralizam N empresas. Neste formato facilita a manuteno da aplicao, e criao de novas features, porque o cdigo de todas as empresas  centralizado</span><br></h1>', 100.00, '2021-10-06', '2021-10-06', 2, NULL, '2021-10-06 15:30:28', '2021-10-10 19:55:25'),
('9491b01a-db2d-4dc4-8c05-22b31e8df56f', 'Curso Laravel Multi-Tenancy - Single Database', '<h1 class=\"heading-17\" style=\"font-size: 24px; margin-right: 0px; margin-bottom: 0px; margin-left: 0px; font-weight: 500; line-height: 29px; font-family: Montserrat, sans-serif; color: rgb(51, 51, 51);\"><span style=\"color: rgb(143, 143, 143); font-size: 14px;\">Aprenda a criar aplicaes que centralizam N empresas. Neste formato facilita a manuteno da aplicao, e criao de novas features, porque o cdigo de todas as empresas  centralizado</span><br></h1>', 100.00, '2021-10-06', '2021-10-06', 2, NULL, '2021-10-06 15:34:17', '2021-10-10 19:55:25'),
('9491b0df-ead0-43a1-b1bd-db1add1ab8c9', 'Curso Laravel Multi-Tenancy - Single Database', '<p><span style=\"color: rgb(143, 143, 143); font-family: Montserrat, sans-serif;\">Aprenda a criar aplicaes que centralizam N empresas. Neste formato facilita a manuteno da aplicao, e criao de novas features, porque o cdigo de todas as empresas  centralizado</span><br></p>', 100.00, '2021-10-06', '2021-10-06', 2, NULL, '2021-10-06 15:36:26', '2021-10-10 19:55:25'),
('9491b14b-11c1-4c57-bd12-80d70287780d', 'Curso Laravel Multi-Tenancy - Single Database', '<p><span style=\"color: rgb(143, 143, 143); font-family: Montserrat, sans-serif;\">Aprenda a criar aplicaes que centralizam N empresas. Neste formato facilita a manuteno da aplicao, e criao de novas features, porque o cdigo de todas as empresas  centralizado</span><br></p>', 100.00, '2021-10-06', '2021-10-06', 2, NULL, '2021-10-06 15:37:36', '2021-10-10 19:55:25'),
('9491b255-65c7-4a2c-a0e5-e48cc924fc96', 'Curso Laravel Multi-Tenancy - Single Database', '<p><span style=\"color: rgb(143, 143, 143); font-family: Montserrat, sans-serif;\">Aprenda a criar aplicaes que centralizam N empresas. Neste formato facilita a manuteno da aplicao, e criao de novas features, porque o cdigo de todas as empresas  centralizado</span><br></p>', 100.00, '2021-10-06', '2021-10-06', 2, NULL, '2021-10-06 15:40:31', '2021-10-10 19:55:25'),
('9491b28f-02e4-4c12-b129-bb245512107a', 'Curso Laravel Multi-Tenancy - Single Database', '<p><span style=\"color: rgb(143, 143, 143); font-family: Montserrat, sans-serif;\">Aprenda a criar aplicaes que centralizam N empresas. Neste formato facilita a manuteno da aplicao, e criao de novas features, porque o cdigo de todas as empresas  centralizado</span><br></p>', 155522.00, '2021-10-06', '2021-10-06', 2, '2021-10-11 16:20:19', '2021-10-06 15:41:08', '2021-10-11 16:20:19'),
('9491b341-b84e-4aec-aadc-c09b6cfb698a', 'Curso de Laravel Real-time com Vue.js (com pusher)', '<p><span style=\"color: rgb(143, 143, 143); font-family: Montserrat, sans-serif;\">Aprenda a criar aplicaes que trabalham em tempo real. Nesse curso criaremos um projeto prtico (um chat) que atualiza instantaneamente as informaes, tudo em tempo real</span><br></p>', 100.00, '2021-10-06', '2021-10-06', 1, NULL, '2021-10-06 15:43:05', '2021-10-10 19:55:25'),
('9491b378-b1d2-427d-a9c9-a151aa6724e3', 'Curso de Laravel Real-time com Vue.js (com pusher)', '<p><span style=\"color: rgb(143, 143, 143); font-family: Montserrat, sans-serif;\">Aprenda a criar aplicaes que trabalham em tempo real. Nesse curso criaremos um projeto prtico (um chat) que atualiza instantaneamente as informaes, tudo em tempo real</span><br></p>', 100.00, '2021-10-06', '2021-10-06', 1, NULL, '2021-10-06 15:43:42', '2021-10-10 19:55:25'),
('9491b39c-90fa-4173-96f2-763517b162ca', 'Curso de Laravel Real-time com Vue.js (com pusher)', '<p><span style=\"color: rgb(143, 143, 143); font-family: Montserrat, sans-serif;\">Aprenda a criar aplicaes que trabalham em tempo real. Nesse curso criaremos um projeto prtico (um chat) que atualiza instantaneamente as informaes, tudo em tempo real</span><br></p>', 100.00, '2021-10-06', '2021-10-06', 1, NULL, '2021-10-06 15:44:05', '2021-10-10 19:55:25'),
('9491b43f-103d-417a-a123-b10f7c55a309', 'Curso de JavaScript Completo', '<p><span style=\"color: rgb(143, 143, 143); font-family: Montserrat, sans-serif;\">Esse curso  especialmente para quem nunca jamais trabalhou com a maravilha linguagem de programao JavaScript (JS), neste curso abordaremos os conceitos bsicos da linguagem aplicando em diversos exemplos reais.</span><br></p>', 100.00, '2021-10-06', '2021-10-06', 1, NULL, '2021-10-06 15:45:52', '2021-10-10 19:55:25'),
('9491b4b5-352e-4354-abb7-1d57223f023c', 'Curso de Laravel com Vue.js 2', '<p><span style=\"color: rgb(143, 143, 143); font-family: Montserrat, sans-serif;\">APRENDA A TRABALHAR COM O PODEROSO FRAMEWORK PHP LARAVEL (API Restful), E AINDA ABUSE DOS RECURSOS DO VUE (SPA) PARA TRABALHAR COM FRONTEND DE MANEIRA TOTALMENTE PROFISSIONAL</span><br></p>', 100.00, '2021-10-06', '2021-10-06', 1, NULL, '2021-10-06 15:47:09', '2021-10-10 19:55:25'),
('9491c7ac-401a-4f3e-9e56-ad8fc3bcca13', 'Curso de Laravel com Vue.js 2', '<p><span style=\"color: rgb(143, 143, 143); font-family: Montserrat, sans-serif;\">APRENDA A TRABALHAR COM O PODEROSO FRAMEWORK PHP LARAVEL (API Restful), E AINDA ABUSE DOS RECURSOS DO VUE (SPA) PARA TRABALHAR COM FRONTEND DE MANEIRA TOTALMENTE PROFISSIONAL</span><br></p>', 100.00, '2021-10-06', '2021-10-06', 1, NULL, '2021-10-06 16:40:11', '2021-10-10 19:55:25'),
('9491c7e8-5c4f-4979-9cb5-5650f5340f36', 'Curso de Vue JS 2', '<p><span style=\"color: rgb(143, 143, 143); font-family: Montserrat, sans-serif;\">Aprenda a criar Aplicaes com o Melhor Framework JavaScript da Atualidade, este o Framework JS que mais cresce, tudo por conta da simplicidade e recursos avanados</span><br></p>', 100.00, '2021-10-06', '2021-10-06', 1, NULL, '2021-10-06 16:40:50', '2021-10-10 19:55:25'),
('9491c9cc-5eef-4fe8-95c1-152ce9259cfd', 'Curso de Vue JS 2', '<p><span style=\"color: rgb(143, 143, 143); font-family: Montserrat, sans-serif;\">Aprenda a criar Aplicaes com o Melhor Framework JavaScript da Atualidade, este o Framework JS que mais cresce, tudo por conta da simplicidade e recursos avanados</span><br></p>', 100.00, '2021-10-06', '2021-10-06', 1, NULL, '2021-10-06 16:46:07', '2021-10-10 19:55:25'),
('9491c9fa-779c-470f-9ffb-1f611ed5442d', 'Curso de Vue JS 2', '<p><span style=\"color: rgb(143, 143, 143); font-family: Montserrat, sans-serif;\">Aprenda a criar Aplicaes com o Melhor Framework JavaScript da Atualidade, este o Framework JS que mais cresce, tudo por conta da simplicidade e recursos avanados</span><br></p>', 512500.00, '2021-10-06', '2021-10-06', 1, '2021-10-11 16:20:34', '2021-10-06 16:46:38', '2021-10-11 16:20:34'),
('9491ca2e-1a56-4bb3-9b77-20cd878e270f', 'Curso de Laravel com Vue.js 2', '<p><span style=\"color: rgb(143, 143, 143); font-family: Montserrat, sans-serif;\">APRENDA A TRABALHAR COM O PODEROSO FRAMEWORK PHP LARAVEL (API Restful), E AINDA ABUSE DOS RECURSOS DO VUE (SPA) PARA TRABALHAR COM FRONTEND DE MANEIRA TOTALMENTE PROFISSIONAL</span><br></p>', 5699222.00, '2021-10-06', '2021-10-06', 1, '2021-10-11 16:28:58', '2021-10-06 16:47:11', '2021-10-11 16:28:58'),
('9491ca6c-3e0e-4453-9a2b-3052e6c6a5d6', 'Curso de Laravel com Vue.js 2', '<p><span style=\"color: rgb(143, 143, 143); font-family: Montserrat, sans-serif;\">APRENDA A TRABALHAR COM O PODEROSO FRAMEWORK PHP LARAVEL (API Restful), E AINDA ABUSE DOS RECURSOS DO VUE (SPA) PARA TRABALHAR COM FRONTEND DE MANEIRA TOTALMENTE PROFISSIONAL</span><br></p>', 5699222.00, '2021-10-06', '2021-10-06', 1, '2021-10-11 16:26:17', '2021-10-06 16:47:52', '2021-10-11 16:26:17'),
('9491cac6-4380-4caf-aa93-26e94665e1c6', 'Curso de Laravel com Vue.js 2', '<p><span style=\"color: rgb(143, 143, 143); font-family: Montserrat, sans-serif;\">APRENDA A TRABALHAR COM O PODEROSO FRAMEWORK PHP LARAVEL (API Restful), E AINDA ABUSE DOS RECURSOS DO VUE (SPA) PARA TRABALHAR COM FRONTEND DE MANEIRA TOTALMENTE PROFISSIONAL</span><br></p>', 5699222.00, '2021-10-06', '2021-10-06', 1, '2021-10-11 16:28:16', '2021-10-06 16:48:51', '2021-10-11 16:28:16'),
('9491cb9b-6bf6-44dc-9b03-03a4f4db0482', 'Curso de Laravel com Vue.js 2', '<p><span style=\"color: rgb(143, 143, 143); font-family: Montserrat, sans-serif;\">APRENDA A TRABALHAR COM O PODEROSO FRAMEWORK PHP LARAVEL (API Restful), E AINDA ABUSE DOS RECURSOS DO VUE (SPA) PARA TRABALHAR COM FRONTEND DE MANEIRA TOTALMENTE PROFISSIONAL</span><br></p>', 5699222.00, '2021-10-06', '2021-10-06', 1, NULL, '2021-10-06 16:51:11', '2021-10-06 16:51:11'),
('9491cbbe-f4b6-41ee-b8e3-4429b5d25300', 'Curso de Laravel com Vue.js 2', '<p><span style=\"color: rgb(143, 143, 143); font-family: Montserrat, sans-serif;\">APRENDA A TRABALHAR COM O PODEROSO FRAMEWORK PHP LARAVEL (API Restful), E AINDA ABUSE DOS RECURSOS DO VUE (SPA) PARA TRABALHAR COM FRONTEND DE MANEIRA TOTALMENTE PROFISSIONAL</span><br></p>', 5699222.00, '2021-10-06', '2021-10-06', 1, '2021-10-11 16:30:15', '2021-10-06 16:51:34', '2021-10-11 16:30:15'),
('9491cc47-2625-468b-9518-a414db0574b5', 'Livro Laravel Database - O Guia Definitivo', '<p><span style=\"color: rgb(143, 143, 143); font-family: Montserrat, sans-serif;\">Aprenda todos os recursos de manipulao de dados disponveis no Laravel, voc ir aprender que o Laravel  muito rico em recursos e existem vrios recursos escondidos que tornam o nosso trabalho extremamente mais produtivo.</span><br></p>', 1155522.00, '2021-10-06', '2021-10-06', 1, NULL, '2021-10-06 16:53:03', '2021-10-06 16:53:03'),
('949284f7-4570-4891-8ced-190360c27b79', 'Curso LaraFood + VueFood + FlutterFood', '<p><span style=\"color: rgb(143, 143, 143); font-family: Montserrat, sans-serif;\">Que tal criar um sistema bem legalzo em Laravel? Vamos criar o LaraFood (o delivery completo feito em Laravel)</span><br></p>', 100023.00, '2021-10-06', '2021-10-06', 2, NULL, '2021-10-07 01:29:29', '2021-10-07 01:29:29'),
('9492881c-c0f7-4a94-9d82-ec7e4deed04e', 'Livro Laravel Database - O Guia Definitivo', '<p><span style=\"color: rgb(143, 143, 143); font-family: Montserrat, sans-serif;\">Aprenda todos os recursos de manipulao de dados disponveis no Laravel, voc ir aprender que o Laravel  muito rico em recursos e existem vrios recursos escondidos que tornam o nosso trabalho extremamente mais produtivo.</span><br></p>', 152222.00, '2021-10-06', '2021-10-06', 2, NULL, '2021-10-07 01:38:17', '2021-10-07 01:38:17'),
('94928955-cf64-4cec-8569-b3410a90c635', 'Curso Laravel Multi-Tenancy - Single DatabaseAprenda a criar aplicaes que centralizam N empresas. Neste formato facili', '<p><span style=\"color: rgb(143, 143, 143); font-family: Montserrat, sans-serif;\">Aprenda a criar aplicaes que centralizam N empresas. Neste formato facilita a manuteno da aplicao, e criao de novas features, porque o cdigo de todas as empresas  centralizado</span><br></p>', 100.00, '2021-10-06', '2021-10-06', 2, NULL, '2021-10-07 01:41:42', '2021-10-10 19:55:25'),
('949289da-89ca-491d-a986-76e0b03d6f42', 'Curso de JavaScript Completo', '<p><span style=\"color: rgb(143, 143, 143); font-family: Montserrat, sans-serif;\">Esse curso  especialmente para quem nunca jamais trabalhou com a maravilha linguagem de programao JavaScript (JS), neste curso abordaremos os conceitos bsicos da linguagem aplicando em diversos exemplos reais.</span><br></p>', 100.00, '2021-10-06', '2021-10-06', 1, NULL, '2021-10-07 01:43:09', '2021-10-10 19:55:25'),
('94928a34-f26c-4421-98ed-7736ff4ec37e', 'Curso de Laravel com Vue.js 2', '<p><span style=\"color: rgb(143, 143, 143); font-family: Montserrat, sans-serif;\">Aprenda a criar Aplicaes com o Melhor Framework JavaScript da Atualidade, este o Framework JS que mais cresce, tudo por conta da simplicidade e recursos avanados</span><br></p>', 100.00, '2021-10-06', '2021-10-06', 2, NULL, '2021-10-07 01:44:08', '2021-10-10 19:55:25'),
('94928eb7-c957-4225-b46a-601ab1b9e304', 'Curso de Vue JS 2', '<p><span style=\"color: rgb(143, 143, 143); font-family: Montserrat, sans-serif;\">Esse curso  especialmente para quem nunca jamais trabalhou com a maravilha linguagem de programao JavaScript (JS), neste curso abordaremos os conceitos bsicos da linguagem aplicando em diversos exemplos reais.</span><br></p>', 100.00, '2021-10-06', '2021-10-07', 55, NULL, '2021-10-07 01:56:45', '2021-10-10 19:55:25'),
('9492906c-d3d7-4802-a48b-889d9b0869c5', 'Curso de Vue JS 2', '<p><span style=\"color: rgb(143, 143, 143); font-family: Montserrat, sans-serif;\">Esse curso  especialmente para quem nunca jamais trabalhou com a maravilha linguagem de programao JavaScript (JS), neste curso abordaremos os conceitos bsicos da linguagem aplicando em diversos exemplos reais.</span><br></p>', 100.00, '2021-10-06', '2021-10-08', 55, NULL, '2021-10-07 02:01:31', '2021-10-10 19:55:25'),
('9492909d-894f-479c-b76c-927a55102857', 'Curso de Vue JS 2', '<p><span style=\"color: rgb(143, 143, 143); font-family: Montserrat, sans-serif;\">Esse curso  especialmente para quem nunca jamais trabalhou com a maravilha linguagem de programao JavaScript (JS), neste curso abordaremos os conceitos bsicos da linguagem aplicando em diversos exemplos reais.</span><br></p>', 100.00, '2021-10-06', '2021-10-08', 55, NULL, '2021-10-07 02:02:03', '2021-10-10 19:55:25'),
('949391e8-6757-4029-be7e-4002ba206e79', 'Curso LaraFood + VueFood + FlutterFood', '<p><span style=\"color: rgb(143, 143, 143); font-family: Montserrat, sans-serif;\">Que tal criar um sistema bem legalzo em Laravel? Vamos criar o LaraFood (o delivery completo feito em Laravel)</span><br></p>', 100.00, '2021-09-30', '2021-10-07', 1, NULL, '2021-10-07 14:01:30', '2021-10-10 19:55:25'),
('94939832-4a36-419c-a8ef-b9fb983b4af9', 'Curso Laravel Multi-Tenancy - Single Database', '<h1 class=\"heading-17\" style=\"font-size: 24px; margin-right: 0px; margin-bottom: 0px; margin-left: 0px; font-weight: 500; line-height: 29px; font-family: Montserrat, sans-serif; color: rgb(51, 51, 51);\"><span style=\"color: rgb(143, 143, 143); font-size: 14px;\">Aprenda a criar aplicaes que centralizam N empresas. Neste formato facilita a manuteno da aplicao, e criao de novas features, porque o cdigo de todas as empresas  centralizado</span><br></h1>', 100.00, '2021-10-07', '2021-10-07', 1, NULL, '2021-10-07 14:19:05', '2021-10-10 19:55:25'),
('94939c93-0883-48d3-b142-c1e5d3bb747d', 'Curso LaraFood + VueFood + FlutterFood', '<p><span style=\"color: rgb(143, 143, 143); font-family: Montserrat, sans-serif;\">Aprenda todos os recursos de manipulao de dados disponveis no Laravel, voc ir aprender que o Laravel  muito rico em recursos e existem vrios recursos escondidos que tornam o nosso trabalho extremamente mais produtivo.</span><br></p>', 100.00, '2021-10-07', '2021-10-07', 2, NULL, '2021-10-07 14:31:19', '2021-10-10 19:55:25'),
('94939f57-1c49-44f8-99e8-c540bc529bea', 'Livro Laravel Database - O Guia Definitivo', '<p><span style=\"color: rgb(143, 143, 143); font-family: Montserrat, sans-serif;\">Aprenda todos os recursos de manipulao de dados disponveis no Laravel, voc ir aprender que o Laravel  muito rico em recursos e existem vrios recursos escondidos que tornam o nosso trabalho extremamente mais produtivo.</span><br></p>', 100.00, '2021-10-07', '2021-10-07', 1, NULL, '2021-10-07 14:39:03', '2021-10-10 19:55:25'),
('9493c7f9-162e-41f0-9d2c-cb0b4f34bf0e', 'Curso de Laravel com Vue.js 2', '<p><span style=\"color: rgb(143, 143, 143); font-family: Montserrat, sans-serif;\">APRENDA A TRABALHAR COM O PODEROSO FRAMEWORK PHP LARAVEL (API Restful), E AINDA ABUSE DOS RECURSOS DO VUE (SPA) PARA TRABALHAR COM FRONTEND DE MANEIRA TOTALMENTE PROFISSIONAL</span><br></p>', 100.00, '2021-10-07', '2021-10-07', 1, NULL, '2021-10-07 16:32:40', '2021-10-10 19:55:25'),
('9493c8d1-f2e5-4e08-b3ef-d48b1e4ea509', 'Curso de Laravel Real-time com Vue.js (com pusher)', '<p><span style=\"color: rgb(143, 143, 143); font-family: Montserrat, sans-serif;\">Aprenda a criar aplicaes que trabalham em tempo real. Nesse curso criaremos um projeto prtico (um chat) que atualiza instantaneamente as informaes, tudo em tempo real</span><br></p>', 100.00, '2021-10-07', '2021-10-07', 1, NULL, '2021-10-07 16:35:03', '2021-10-10 19:55:25'),
('9493c9f7-6eed-4b31-905d-c6490ef42f39', 'Curso LaraFood + VueFood + FlutterFood', '<p><span style=\"color: rgb(143, 143, 143); font-family: Montserrat, sans-serif;\">Aprenda a criar aplicaes que trabalham em tempo real. Nesse curso criaremos um projeto prtico (um chat) que atualiza instantaneamente as informaes, tudo em tempo real</span><br></p>', 100.00, '2021-10-07', '2021-10-07', 1, NULL, '2021-10-07 16:38:15', '2021-10-10 19:55:25'),
('9493ca2e-651e-4b0d-ab99-d0f9543fd084', 'Curso LaraFood + VueFood + FlutterFood', '<p><span style=\"color: rgb(143, 143, 143); font-family: Montserrat, sans-serif;\">Aprenda a criar aplicaes que trabalham em tempo real. Nesse curso criaremos um projeto prtico (um chat) que atualiza instantaneamente as informaes, tudo em tempo real</span><br></p>', 100.00, '2021-10-07', '2021-10-07', 1, NULL, '2021-10-07 16:38:51', '2021-10-10 19:55:25'),
('9493cb19-e7cb-4eb5-bfdf-c27e1d7c61b0', 'Curso LaraFood + VueFood + FlutterFood', '<p><span style=\"color: rgb(143, 143, 143); font-family: Montserrat, sans-serif;\">Aprenda a criar aplicaes que trabalham em tempo real. Nesse curso criaremos um projeto prtico (um chat) que atualiza instantaneamente as informaes, tudo em tempo real</span><br></p>', 100.00, '2021-10-07', '2021-10-07', 1, NULL, '2021-10-07 16:41:25', '2021-10-10 19:55:25'),
('9493d520-c969-45fb-b316-30ef80b1e218', 'Curso de Vue JS 2', '<p><span style=\"color: rgb(143, 143, 143); font-family: Montserrat, sans-serif;\">Aprenda a criar Aplicaes com o Melhor Framework JavaScript da Atualidade, este o Framework JS que mais cresce, tudo por conta da simplicidade e recursos avanados</span><br></p>', 100.00, '2021-10-07', '2021-10-07', 1, NULL, '2021-10-07 17:09:27', '2021-10-10 19:55:25'),
('9493d87f-9035-4951-9ab6-29fd3c1d587a', 'Curso de Laravel com Vue.js 2', '<p><span style=\"color: rgb(143, 143, 143); font-family: Montserrat, sans-serif;\">Aprenda a criar Aplicaes com o Melhor Framework JavaScript da Atualidade, este o Framework JS que mais cresce, tudo por conta da simplicidade e recursos avanados</span><br></p>', 100.00, '2021-10-07', '2021-10-07', 1, NULL, '2021-10-07 17:18:53', '2021-10-10 19:55:25'),
('9493ddd2-f863-40ae-ac62-37bbd4c503db', 'Curso de Laravel com Vue.js 2', '<p><span style=\"color: rgb(143, 143, 143); font-family: Montserrat, sans-serif;\">Esse curso  especialmente para quem nunca jamais trabalhou com a maravilha linguagem de programao JavaScript (JS), neste curso abordaremos os conceitos bsicos da linguagem aplicando em diversos exemplos reais.</span><br></p>', 100.00, '2021-10-07', '2021-10-07', 1, NULL, '2021-10-07 17:33:46', '2021-10-10 19:55:25'),
('9494074e-af01-4de8-948b-82ba59583eb3', 'Curso de JavaScript Completo', '<p><span style=\"color: rgb(143, 143, 143); font-family: Montserrat, sans-serif;\">Aprenda a criar aplicaes que trabalham em tempo real. Nesse curso criaremos um projeto prtico (um chat) que atualiza instantaneamente as informaes, tudo em tempo real</span><br></p>', 100.00, '2021-10-07', '2021-10-07', 1, NULL, '2021-10-07 19:29:46', '2021-10-10 19:55:25'),
('9494075c-21c6-4c81-9345-2ab15cb12d29', 'Curso de JavaScript Completo-3', '<p><span style=\"color: rgb(143, 143, 143); font-family: Montserrat, sans-serif;\">Aprenda a criar aplicaes que trabalham em tempo real. Nesse curso criaremos um projeto prtico (um chat) que atualiza instantaneamente as informaes, tudo em tempo real</span><br></p>', 100.00, '2021-10-07', '2021-10-07', 1, NULL, '2021-10-07 19:29:55', '2021-10-10 19:55:25'),
('9494076e-edcf-4120-8241-4affa5675813', 'Curso de JavaScript Completo', '<p><span style=\"color: rgb(143, 143, 143); font-family: Montserrat, sans-serif;\">Aprenda a criar aplicaes que trabalham em tempo real. Nesse curso criaremos um projeto prtico (um chat) que atualiza instantaneamente as informaes, tudo em tempo real</span><br></p>', 100.00, '2021-10-07', '2021-10-07', 1, NULL, '2021-10-07 19:30:07', '2021-10-10 19:55:25'),
('94940aa9-9c2d-406c-930d-bb07cf359711', 'Curso de JavaScript Completo', '<p><span style=\"color: rgb(143, 143, 143); font-family: Montserrat, sans-serif;\">Esse curso  especialmente para quem nunca jamais trabalhou com a maravilha linguagem de programao JavaScript (JS), neste curso abordaremos os conceitos bsicos da linguagem aplicando em diversos exemplos reais.</span><br></p>', 100.00, '2021-10-07', '2021-10-07', 1, NULL, '2021-10-07 19:39:09', '2021-10-10 19:55:25'),
('94941f6b-f9ca-448b-acda-29e264f94bec', 'Curso LaraFood + VueFood + FlutterFood', '<p><span style=\"color: rgb(143, 143, 143); font-family: Montserrat, sans-serif;\">Que tal criar um <b>sistema </b>bem legalzo em Laravel? Vamos criar o LaraFood (o delivery completo feito em Laravel)</span><br></p>', 100.00, '2021-10-07', '2021-10-14', 1, NULL, '2021-10-07 20:37:12', '2021-10-10 19:55:25'),
('94941fad-437f-4696-95a1-16ec98c373f3', 'Livro Laravel Database - O Guia Definitivo', '<p><span style=\"color: rgb(143, 143, 143); font-family: Montserrat, sans-serif;\">Aprenda todos os recursos de manipulao de dados disponveis no Laravel, voc ir aprender que o Laravel  muito rico em recursos e existem vrios recursos escondidos que tornam o nosso trabalho extremamente mais produtivo.</span><br></p>', 100.00, '2021-10-08', '2021-10-15', 1, NULL, '2021-10-07 20:37:55', '2021-10-10 19:55:25'),
('94942afa-f88f-4974-a162-25e0b8d6709a', 'Livro Laravel Database - O Guia Definitivo', '<p><span style=\"color: rgb(143, 143, 143); font-family: Montserrat, sans-serif;\">Aprenda todos os recursos de manipulao de dados disponveis no Laravel, voc ir aprender que o Laravel  muito rico em recursos e existem vrios recursos escondidos que tornam o nosso trabalho extremamente mais produtivo.</span><br></p>', 100.00, '2021-10-07', '2021-10-07', 1, NULL, '2021-10-07 21:09:31', '2021-10-10 19:55:25'),
('94942b4c-c620-451a-82e0-4acf92ed9187', 'Livro Laravel Database - O Guia Definitivo', '<p><span style=\"color: rgb(143, 143, 143); font-family: Montserrat, sans-serif;\">Aprenda todos os recursos de manipulao de dados disponveis no Laravel, voc ir aprender que o Laravel  muito rico em recursos e existem vrios recursos escondidos que tornam o nosso trabalho extremamente mais produtivo.</span><br></p>', 100.00, '2021-10-07', '2021-10-07', 1, NULL, '2021-10-07 21:10:25', '2021-10-10 19:55:25'),
('94942e18-5e67-465b-9fb2-d37dd07de767', 'Livro Laravel Database - O Guia Definitivo', '<p><span style=\"color: rgb(143, 143, 143); font-family: Montserrat, sans-serif;\">Aprenda todos os recursos de manipulao de dados disponveis no Laravel, voc ir aprender que o Laravel  muito rico em recursos e existem vrios recursos escondidos que tornam o nosso trabalho extremamente mais produtivo.</span><br></p>', 100.00, '2021-10-07', '2021-10-07', 1, NULL, '2021-10-07 21:18:14', '2021-10-10 19:55:25'),
('94942e56-99b5-4d4c-ac8c-d20b5a9ab3a6', 'Livro Laravel Database - O Guia Definitivo', '<p><span style=\"color: rgb(143, 143, 143); font-family: Montserrat, sans-serif;\">Aprenda todos os recursos de manipulao de dados disponveis no Laravel, voc ir aprender que o Laravel  muito rico em recursos e existem vrios recursos escondidos que tornam o nosso trabalho extremamente mais produtivo.</span><br></p>', 100.00, '2021-10-07', '2021-10-07', 1, NULL, '2021-10-07 21:18:54', '2021-10-10 19:55:25'),
('949430ea-48c3-44c8-a757-25bbfcd90e3c', 'Livro Laravel Database - O Guia Definitivo', '<p><span style=\"color: rgb(143, 143, 143); font-family: Montserrat, sans-serif;\">Aprenda todos os recursos de manipulao de dados disponveis no Laravel, voc ir aprender que o Laravel  muito rico em recursos e existem vrios recursos escondidos que tornam o nosso trabalho extremamente mais produtivo.</span><br></p>', 100.00, '2021-10-07', '2021-10-07', 1, NULL, '2021-10-07 21:26:07', '2021-10-10 19:55:25'),
('94943119-1758-4623-9df1-1cfbc3b515b7', 'Livro Laravel Database - O Guia Definitivo -9 ', '<p><span style=\"color: rgb(143, 143, 143); font-family: Montserrat, sans-serif;\">Aprenda todos os recursos de manipulao de dados disponveis no Laravel, voc ir aprender que o Laravel  muito rico em recursos e existem vrios recursos escondidos que tornam o nosso trabalho extremamente mais produtivo.</span><br></p>', 100.00, '2021-10-07', '2021-10-07', 1, NULL, '2021-10-07 21:26:37', '2021-10-10 19:55:25'),
('949441c8-71af-466a-b825-e68eff48f6d4', 'Livro Laravel Database - O Guia Definitivo -9 ', '<p><span style=\"color: rgb(143, 143, 143); font-family: Montserrat, sans-serif;\">Aprenda todos os recursos de manipulao de dados disponveis no Laravel, voc ir aprender que o Laravel  muito rico em recursos e existem vrios recursos escondidos que tornam o nosso trabalho extremamente mais produtivo.</span><br></p>', 100.00, '2021-10-07', '2021-10-07', 1, NULL, '2021-10-07 22:13:17', '2021-10-10 19:55:25'),
('949441df-a6bb-4323-aec3-248870102485', 'Livro Laravel Database - O Guia Definitivo - 12', '<p><span style=\"color: rgb(143, 143, 143); font-family: Montserrat, sans-serif;\">Aprenda todos os recursos de manipulao de dados disponveis no Laravel, voc ir aprender que o Laravel  muito rico em recursos e existem vrios recursos escondidos que tornam o nosso trabalho extremamente mais produtivo.</span><br></p>', 100.00, '2021-10-07', '2021-10-07', 1, NULL, '2021-10-07 22:13:32', '2021-10-10 19:55:25'),
('949442e5-1cf0-4a1c-978c-1e972c02dd5c', 'Livro Laravel Database - O Guia Definitivo - 14', '<p><span style=\"color: rgb(143, 143, 143); font-family: Montserrat, sans-serif;\">Aprenda todos os recursos de manipulao de dados disponveis no Laravel, voc ir aprender que o Laravel  muito rico em recursos e existem vrios recursos escondidos que tornam o nosso trabalho extremamente mais produtivo.</span><br></p>', 100.00, '2021-10-07', '2021-10-07', 1, NULL, '2021-10-07 22:16:23', '2021-10-10 19:55:25'),
('949595c2-8230-4b90-bebb-878356bea583', 'Curso LaraFood + VueFood + FlutterFood', '<p><span style=\"color: rgb(143, 143, 143); font-family: Montserrat, sans-serif;\">Que tal criar um sistema bem legalzo em Laravel? Vamos criar o LaraFood (o delivery completo feito em Laravel)</span><br></p>', 100.00, '2021-10-08', '2021-10-08', 1, NULL, '2021-10-08 14:03:55', '2021-10-10 19:55:25');

-- --------------------------------------------------------

--
-- Table structure for table `endereco`
--

CREATE TABLE `endereco` (
  `id` varchar(36) NOT NULL,
  `aluno_id` varchar(36) DEFAULT NULL,
  `cep` varchar(9) DEFAULT NULL,
  `logradouro` varchar(120) DEFAULT NULL,
  `complemento` varchar(45) DEFAULT NULL,
  `numero` varchar(4) DEFAULT NULL,
  `bairro` varchar(120) DEFAULT NULL,
  `localidade` varchar(120) DEFAULT NULL,
  `uf` varchar(2) DEFAULT NULL,
  `ibge` varchar(45) DEFAULT NULL,
  `gia` varchar(45) DEFAULT NULL,
  `ddd` varchar(45) DEFAULT NULL,
  `siafi` varchar(45) DEFAULT NULL,
  `deleted_at` timestamp NULL DEFAULT NULL,
  `created_at` timestamp NULL DEFAULT current_timestamp(),
  `updated_at` timestamp NULL DEFAULT current_timestamp() ON UPDATE current_timestamp()
) ENGINE=InnoDB DEFAULT CHARSET=utf8;

--
-- Dumping data for table `endereco`
--

INSERT INTO `endereco` (`id`, `aluno_id`, `cep`, `logradouro`, `complemento`, `numero`, `bairro`, `localidade`, `uf`, `ibge`, `gia`, `ddd`, `siafi`, `deleted_at`, `created_at`, `updated_at`) VALUES
('9455bf08-8e0b-4db9-b636-41e445608e52', '9455bf08-8a21-4a79-b183-a80d14a286a8', '28640000', 'Rua Ulisses Lengruber', '', '62', 'Centro', 'Carmo', 'SP', NULL, NULL, NULL, NULL, NULL, '2021-09-06 20:26:21', '2021-10-10 21:07:55'),
('9455bf08-8e0b-4db9-b636-41e445608e53', '9455bf08-8a21-4a79-b183-a80d14a286a7', '28640000', 'Rua Jose Cabral Filho', '', '62', 'Centro', 'Carmo', 'RJ', NULL, NULL, NULL, NULL, NULL, '2021-09-06 20:26:21', '2021-10-10 21:07:55'),
('949beffe-aa8b-4f26-bf63-595768e58d02', '949beffe-7a1d-4e1e-9340-fd0a15f8e7ed', '28640000', 'Rua das Flores', 'Casa', '699', 'Porto Velho do Cunha', 'Carmo de Minas', 'MS', NULL, NULL, NULL, NULL, NULL, '2021-10-11 17:51:12', '2021-10-11 17:51:12');

-- --------------------------------------------------------

--
-- Table structure for table `failed_jobs`
--

CREATE TABLE `failed_jobs` (
  `id` bigint(20) UNSIGNED NOT NULL,
  `uuid` varchar(255) COLLATE utf8mb4_unicode_ci NOT NULL,
  `connection` text COLLATE utf8mb4_unicode_ci NOT NULL,
  `queue` text COLLATE utf8mb4_unicode_ci NOT NULL,
  `payload` longtext COLLATE utf8mb4_unicode_ci NOT NULL,
  `exception` longtext COLLATE utf8mb4_unicode_ci NOT NULL,
  `failed_at` timestamp NOT NULL DEFAULT current_timestamp()
) ENGINE=InnoDB DEFAULT CHARSET=utf8mb4 COLLATE=utf8mb4_unicode_ci;

-- --------------------------------------------------------

--
-- Table structure for table `item_pedido`
--

CREATE TABLE `item_pedido` (
  `id` varchar(36) NOT NULL,
  `pedido_id` varchar(36) DEFAULT NULL,
  `produto_id` varchar(36) DEFAULT NULL,
  `descricao_produto` varchar(255) DEFAULT NULL,
  `quantidade` varchar(45) DEFAULT NULL,
  `valor` double(11,2) DEFAULT NULL,
  `deleted_at` timestamp NULL DEFAULT NULL,
  `created_at` timestamp NULL DEFAULT current_timestamp(),
  `updated_at` timestamp NULL DEFAULT current_timestamp() ON UPDATE current_timestamp()
) ENGINE=InnoDB DEFAULT CHARSET=utf8;

--
-- Dumping data for table `item_pedido`
--

INSERT INTO `item_pedido` (`id`, `pedido_id`, `produto_id`, `descricao_produto`, `quantidade`, `valor`, `deleted_at`, `created_at`, `updated_at`) VALUES
('949b0b8b-cad8-4776-8abc-a420576c9582', '949b0b8b-bf13-4c23-b88a-eab08112f0a2', '9491a14f-2e43-4e92-aa54-d1a5969bbea3', 'Curso LaraFood + VueFood + FlutterFood', '1', 500.00, NULL, '2021-10-11 07:12:25', '2021-10-11 07:12:25'),
('949b0b8b-ce6f-4156-b3c8-03b85cbbbf9d', '949b0b8b-bf13-4c23-b88a-eab08112f0a2', '945459cd-be55-48be-9b6c-c3704e498ea6', 'Curso de PHP Avanado', '1', 1050.00, NULL, '2021-10-11 07:12:25', '2021-10-11 07:12:25'),
('949b0b8b-ce6f-4156-b3c8-03b85cbbbf9e', '949b0b8b-bf13-4c23-b88a-eab08112f0a1', '945459cd-be55-48be-9b6c-c3704e498ea6', 'Curso de PHP Avanado', '1', 1050.00, NULL, '2021-10-11 07:12:25', '2021-10-11 07:12:25'),
('949be963-54ea-487e-b45d-8beaebbf9bd1', '949be963-49b0-4f99-bacd-34d94e782567', '9455bb42-b91b-4bc0-8e86-b07117c15f26', 'Curso de Laravel Avanado', '1', 2030.00, NULL, '2021-10-11 17:32:44', '2021-10-11 17:32:44'),
('949bea85-20c0-46e9-98c7-9d55332b90c1', '949bea85-167e-4101-acf7-7db8666d4822', '9491a14f-2e43-4e92-aa54-d1a5969bbea3', 'Curso LaraFood + VueFood + FlutterFood', '1', 500.00, NULL, '2021-10-11 17:35:54', '2021-10-11 17:35:54'),
('949bea85-26b9-4640-8c1d-29548ca8cabc', '949bea85-167e-4101-acf7-7db8666d4822', '945459cd-be55-48be-9b6c-c3704e498ea6', 'Curso de PHP Avanado', '1', 1050.00, NULL, '2021-10-11 17:35:54', '2021-10-11 17:35:54'),
('949beb81-4266-4a36-b2f1-5ce1182f22d1', '949beb81-3792-406f-b938-2a0e2bbac53d', '9491a14f-2e43-4e92-aa54-d1a5969bbea3', 'Curso LaraFood + VueFood + FlutterFood', '1', 500.00, NULL, '2021-10-11 17:38:39', '2021-10-11 17:38:39'),
('949bf08f-d9b5-4f75-9bce-0a15b09bb3b5', '949bf08f-cb5c-4ce7-be8e-f893076a4505', '9491a14f-2e43-4e92-aa54-d1a5969bbea3', 'Curso LaraFood + VueFood + FlutterFood', '1', 500.00, NULL, '2021-10-11 17:52:48', '2021-10-11 17:52:48'),
('949bf35d-05b3-47b8-8f22-28f3af7d308a', '949bf35c-fc4c-448b-813e-b60cc5558a0c', '9455bb42-b91b-4bc0-8e86-b07117c15f26', 'Curso de Laravel Avanado', '1', 2030.00, NULL, '2021-10-11 18:00:38', '2021-10-11 18:00:38'),
('949bf422-45d3-4a4b-a916-7a615d9abed5', '949bf422-3943-4a56-aa14-e654f3b55c8e', '9491a14f-2e43-4e92-aa54-d1a5969bbea3', 'Curso LaraFood + VueFood + FlutterFood', '1', 500.00, NULL, '2021-10-11 18:02:47', '2021-10-11 18:02:47'),
('949bf4b9-3b63-485e-8397-252e8fcb6abc', '949bf4b9-304d-4602-816e-6d4e99207bcb', '9491a14f-2e43-4e92-aa54-d1a5969bbea3', 'Curso LaraFood + VueFood + FlutterFood', '1', 500.00, NULL, '2021-10-11 18:04:26', '2021-10-11 18:04:26');

-- --------------------------------------------------------

--
-- Table structure for table `migrations`
--

CREATE TABLE `migrations` (
  `id` int(10) UNSIGNED NOT NULL,
  `migration` varchar(255) COLLATE utf8mb4_unicode_ci NOT NULL,
  `batch` int(11) NOT NULL
) ENGINE=InnoDB DEFAULT CHARSET=utf8mb4 COLLATE=utf8mb4_unicode_ci;

--
-- Dumping data for table `migrations`
--

INSERT INTO `migrations` (`id`, `migration`, `batch`) VALUES
(1, '2014_10_12_000000_create_users_table', 1),
(2, '2014_10_12_100000_create_password_resets_table', 1),
(3, '2019_08_19_000000_create_failed_jobs_table', 1),
(4, '2019_12_14_000001_create_personal_access_tokens_table', 1),
(5, '2021_09_04_232249_create_permission_tables', 1);

-- --------------------------------------------------------

--
-- Table structure for table `model_has_permissions`
--

CREATE TABLE `model_has_permissions` (
  `permission_id` bigint(20) UNSIGNED NOT NULL,
  `model_type` varchar(255) COLLATE utf8mb4_unicode_ci NOT NULL,
  `model_id` varchar(36) COLLATE utf8mb4_unicode_ci NOT NULL
) ENGINE=InnoDB DEFAULT CHARSET=utf8mb4 COLLATE=utf8mb4_unicode_ci;

--
-- Dumping data for table `model_has_permissions`
--

INSERT INTO `model_has_permissions` (`permission_id`, `model_type`, `model_id`) VALUES
(1, 'App\\Models\\User', '9453c12f-edd7-4732-aa36-031a04393e14'),
(2, 'App\\Models\\User', '9453c12f-edd7-4732-aa36-031a04393e14'),
(3, 'App\\Models\\User', '9453c12f-edd7-4732-aa36-031a04393e14'),
(4, 'App\\Models\\User', '9453c12f-edd7-4732-aa36-031a04393e14'),
(5, 'App\\Models\\User', '9453c12f-edd7-4732-aa36-031a04393e14'),
(6, 'App\\Models\\User', '9453c12f-edd7-4732-aa36-031a04393e14'),
(7, 'App\\Models\\User', '9453c12f-edd7-4732-aa36-031a04393e14'),
(8, 'App\\Models\\User', '9453c12f-edd7-4732-aa36-031a04393e14'),
(9, 'App\\Models\\User', '9453c12f-edd7-4732-aa36-031a04393e14'),
(10, 'App\\Models\\User', '9453c12f-edd7-4732-aa36-031a04393e14'),
(11, 'App\\Models\\User', '9453c12f-edd7-4732-aa36-031a04393e14'),
(12, 'App\\Models\\User', '9453c12f-edd7-4732-aa36-031a04393e14'),
(13, 'App\\Models\\User', '9453c12f-edd7-4732-aa36-031a04393e14'),
(14, 'App\\Models\\User', '9453c12f-edd7-4732-aa36-031a04393e14'),
(15, 'App\\Models\\User', '9453c12f-edd7-4732-aa36-031a04393e14'),
(16, 'App\\Models\\User', '9455bf08-7fa9-483a-8e46-6fc112a58aed');

-- --------------------------------------------------------

--
-- Table structure for table `model_has_roles`
--

CREATE TABLE `model_has_roles` (
  `role_id` bigint(20) UNSIGNED NOT NULL,
  `model_type` varchar(255) COLLATE utf8mb4_unicode_ci NOT NULL,
  `model_id` varchar(36) COLLATE utf8mb4_unicode_ci NOT NULL
) ENGINE=InnoDB DEFAULT CHARSET=utf8mb4 COLLATE=utf8mb4_unicode_ci;

--
-- Dumping data for table `model_has_roles`
--

INSERT INTO `model_has_roles` (`role_id`, `model_type`, `model_id`) VALUES
(1, 'App\\Models\\User', '9455bf08-7fa9-483a-8e46-6fc112a58aed'),
(1, 'App\\Models\\User', '949beffe-4092-4a1d-835f-c79ba9ae87ce'),
(2, 'App\\Models\\User', '9453c12f-edd7-4732-aa36-031a04393e14'),
(2, 'App\\Models\\User', '945b7ca7-1a28-4c6d-8f7b-6b6a570966b8'),
(3, 'App\\Models\\User', '945b769b-1738-45cd-87c9-01ae89747ee2');

-- --------------------------------------------------------

--
-- Table structure for table `password_resets`
--

CREATE TABLE `password_resets` (
  `email` varchar(255) COLLATE utf8mb4_unicode_ci NOT NULL,
  `token` varchar(255) COLLATE utf8mb4_unicode_ci NOT NULL,
  `created_at` timestamp NULL DEFAULT NULL
) ENGINE=InnoDB DEFAULT CHARSET=utf8mb4 COLLATE=utf8mb4_unicode_ci;

-- --------------------------------------------------------

--
-- Table structure for table `pedido`
--

CREATE TABLE `pedido` (
  `id` varchar(36) NOT NULL,
  `user_id` varchar(36) DEFAULT NULL,
  `referencia` varchar(255) DEFAULT NULL,
  `code` varchar(255) DEFAULT NULL,
  `status` varchar(5) DEFAULT NULL,
  `valor` double(11,2) DEFAULT NULL,
  `formapagamento` varchar(45) DEFAULT NULL,
  `parcelas` varchar(45) DEFAULT NULL,
  `deleted_at` timestamp NULL DEFAULT NULL,
  `created_at` timestamp NULL DEFAULT current_timestamp(),
  `updated_at` timestamp NULL DEFAULT current_timestamp() ON UPDATE current_timestamp()
) ENGINE=InnoDB DEFAULT CHARSET=utf8;

--
-- Dumping data for table `pedido`
--

INSERT INTO `pedido` (`id`, `user_id`, `referencia`, `code`, `status`, `valor`, `formapagamento`, `parcelas`, `deleted_at`, `created_at`, `updated_at`) VALUES
('949b0b8b-bf13-4c23-b88a-eab08112f0a1', '945b7ca7-1a28-4c6d-8f7b-6b6a570966b8', '202110110412226163e3d662cbc', '3B0052AF-D64E-41EA-892C-D4E0C6D7E080', '3', 155000.00, '1', '10', NULL, '2021-10-11 07:12:25', '2021-10-11 16:52:26'),
('949b0b8b-bf13-4c23-b88a-eab08112f0a2', '9455bf08-7fa9-483a-8e46-6fc112a58aed', '202110110412226163e3d662859', '6C377DE1ADB145CC98C3574A44635B56', '3', 155000.00, '1', '10', NULL, '2021-10-11 07:12:25', '2021-10-11 16:43:31'),
('949be963-49b0-4f99-bacd-34d94e782567', '9455bf08-7fa9-483a-8e46-6fc112a58aed', '2021101114324061647538d1e57', 'F6DEAD7F-6896-4087-ABA2-3904DBB2AEFB', '1', 203000.00, '2', '1', NULL, '2021-10-11 17:32:44', '2021-10-11 17:32:44'),
('949bea85-167e-4101-acf7-7db8666d4822', '9455bf08-7fa9-483a-8e46-6fc112a58aed', '20211011143550616475f638ce8', 'FC146B94-3D46-4284-A980-059BB71BDEEA', '1', 155000.00, '2', '1', NULL, '2021-10-11 17:35:54', '2021-10-11 17:35:54'),
('949beb81-3792-406f-b938-2a0e2bbac53d', '9455bf08-7fa9-483a-8e46-6fc112a58aed', '202110111438356164769b4cfa9', 'FB5B10F7-FC9F-4E54-8BA7-CF341211DC40', '1', 50000.00, '2', '1', NULL, '2021-10-11 17:38:39', '2021-10-11 17:38:39'),
('949bf08f-cb5c-4ce7-be8e-f893076a4505', '9455bf08-7fa9-483a-8e46-6fc112a58aed', '20211011145243616479ebd25ad', 'D509A06F-F4E6-4EFB-A2EC-325E2E9048E3', '1', 50000.00, '2', '1', NULL, '2021-10-11 17:52:47', '2021-10-11 17:52:47'),
('949bf35c-fc4c-448b-813e-b60cc5558a0c', '9455bf08-7fa9-483a-8e46-6fc112a58aed', '2021101115003461647bc273ed7', 'B78F99E3-1DD7-4CC4-B3E5-2BEF68D03E45', '1', 203000.00, '2', '1', NULL, '2021-10-11 18:00:37', '2021-10-11 18:00:37'),
('949bf422-3943-4a56-aa14-e654f3b55c8e', '9455bf08-7fa9-483a-8e46-6fc112a58aed', '2021101115023061647c36794fd', '0FFE48F6-865D-4A68-98F2-BE99B611C61C', '1', 50000.00, '2', '1', NULL, '2021-10-11 18:02:47', '2021-10-11 18:02:47'),
('949bf4b9-304d-4602-816e-6d4e99207bcb', '9455bf08-7fa9-483a-8e46-6fc112a58aed', '2021101115042261647ca6f2961', '4AD8709B-F263-4A52-9562-6E5FEA3D6833', '1', 50000.00, '2', '1', NULL, '2021-10-11 18:04:26', '2021-10-11 18:04:26');

-- --------------------------------------------------------

--
-- Table structure for table `permissions`
--

CREATE TABLE `permissions` (
  `id` bigint(20) UNSIGNED NOT NULL,
  `name` varchar(255) COLLATE utf8mb4_unicode_ci NOT NULL,
  `description` varchar(120) COLLATE utf8mb4_unicode_ci DEFAULT NULL,
  `guard_name` varchar(255) COLLATE utf8mb4_unicode_ci NOT NULL,
  `created_at` timestamp NULL DEFAULT current_timestamp(),
  `updated_at` timestamp NULL DEFAULT current_timestamp() ON UPDATE current_timestamp()
) ENGINE=InnoDB DEFAULT CHARSET=utf8mb4 COLLATE=utf8mb4_unicode_ci;

--
-- Dumping data for table `permissions`
--

INSERT INTO `permissions` (`id`, `name`, `description`, `guard_name`, `created_at`, `updated_at`) VALUES
(1, 'curso-create', 'Criar Curso', 'web', '2021-09-07 03:09:10', '2021-09-08 21:19:38'),
(2, 'curso-storage', 'Salvar Curso', 'web', '2021-09-07 03:09:10', '2021-09-08 21:19:38'),
(3, 'curso-delete', 'Deletar Curso', 'web', '2021-09-07 03:09:10', '2021-09-08 21:19:38'),
(4, 'curso-edit', 'Editar Curso', 'web', '2021-09-07 03:09:10', '2021-09-08 21:19:38'),
(5, 'curso-update', 'Atualizar Curso', 'web', '2021-09-07 03:09:10', '2021-09-08 21:19:38'),
(6, 'curso-index', 'Listar Cursos', 'web', '2021-09-07 03:09:10', '2021-09-08 21:19:38'),
(7, 'curso-show', 'Visualizar Curso', 'web', '2021-09-07 03:09:10', '2021-09-08 21:19:38'),
(8, 'curso-comprar', 'Comprar Curso', 'web', '2021-09-07 03:09:10', '2021-10-10 03:20:10'),
(9, 'usuario-create', 'Criar Usurio', 'web', '2021-09-07 03:09:10', '2021-09-08 21:19:38'),
(10, 'usuario-storage', 'Salvar Usurio', 'web', '2021-09-07 03:09:10', '2021-09-08 21:19:38'),
(11, 'usuario-delete', 'Deletar Usurio', 'web', '2021-09-07 03:09:10', '2021-09-08 21:19:38'),
(12, 'usuario-edit', 'Editar Usurio', 'web', '2021-09-07 03:09:10', '2021-09-08 21:19:38'),
(13, 'usuario-update', 'Atualizar Usurio', 'web', '2021-09-07 03:09:10', '2021-09-08 21:19:38'),
(14, 'usuario-index', 'Listar Usurio', 'web', '2021-09-07 03:09:10', '2021-09-08 21:19:38'),
(15, 'usuario-show', 'Visualizar Usurio', 'web', '2021-09-07 03:09:10', '2021-09-08 21:19:38'),
(16, 'curso-aluno-show', 'Ver todos os Cursos', '', '2021-10-10 03:22:47', '2021-10-10 03:22:47');

-- --------------------------------------------------------

--
-- Table structure for table `personal_access_tokens`
--

CREATE TABLE `personal_access_tokens` (
  `id` bigint(20) UNSIGNED NOT NULL,
  `tokenable_type` varchar(255) COLLATE utf8mb4_unicode_ci NOT NULL,
  `tokenable_id` bigint(20) UNSIGNED NOT NULL,
  `name` varchar(255) COLLATE utf8mb4_unicode_ci NOT NULL,
  `token` varchar(64) COLLATE utf8mb4_unicode_ci NOT NULL,
  `abilities` text COLLATE utf8mb4_unicode_ci DEFAULT NULL,
  `last_used_at` timestamp NULL DEFAULT NULL,
  `created_at` timestamp NULL DEFAULT NULL,
  `updated_at` timestamp NULL DEFAULT NULL
) ENGINE=InnoDB DEFAULT CHARSET=utf8mb4 COLLATE=utf8mb4_unicode_ci;

-- --------------------------------------------------------

--
-- Table structure for table `roles`
--

CREATE TABLE `roles` (
  `id` bigint(20) UNSIGNED NOT NULL,
  `name` varchar(255) COLLATE utf8mb4_unicode_ci NOT NULL,
  `guard_name` varchar(255) COLLATE utf8mb4_unicode_ci NOT NULL,
  `created_at` timestamp NULL DEFAULT current_timestamp(),
  `updated_at` timestamp NULL DEFAULT current_timestamp() ON UPDATE current_timestamp()
) ENGINE=InnoDB DEFAULT CHARSET=utf8mb4 COLLATE=utf8mb4_unicode_ci;

--
-- Dumping data for table `roles`
--

INSERT INTO `roles` (`id`, `name`, `guard_name`, `created_at`, `updated_at`) VALUES
(1, 'aluno', 'web', '2021-09-07 03:26:08', '2021-09-07 03:26:08'),
(2, 'administrador', 'web', '2021-09-07 03:26:08', '2021-09-07 03:26:08'),
(3, 'atendente', 'web', '2021-09-07 03:26:08', '2021-09-07 03:44:31');

-- --------------------------------------------------------

--
-- Table structure for table `role_has_permissions`
--

CREATE TABLE `role_has_permissions` (
  `permission_id` bigint(20) UNSIGNED NOT NULL,
  `role_id` bigint(20) UNSIGNED NOT NULL
) ENGINE=InnoDB DEFAULT CHARSET=utf8mb4 COLLATE=utf8mb4_unicode_ci;

--
-- Dumping data for table `role_has_permissions`
--

INSERT INTO `role_has_permissions` (`permission_id`, `role_id`) VALUES
(1, 2),
(2, 2),
(3, 2),
(4, 2),
(5, 2),
(6, 2),
(7, 2),
(8, 2),
(9, 2),
(10, 2),
(11, 2),
(12, 2),
(13, 2),
(14, 2),
(15, 2),
(16, 1);

-- --------------------------------------------------------

--
-- Table structure for table `sessions`
--

CREATE TABLE `sessions` (
  `id` varchar(255) COLLATE utf8mb4_unicode_ci NOT NULL,
  `user_id` bigint(20) UNSIGNED DEFAULT NULL,
  `ip_address` varchar(45) COLLATE utf8mb4_unicode_ci DEFAULT NULL,
  `user_agent` text COLLATE utf8mb4_unicode_ci DEFAULT NULL,
  `payload` text COLLATE utf8mb4_unicode_ci NOT NULL,
  `last_activity` int(11) NOT NULL
) ENGINE=InnoDB DEFAULT CHARSET=utf8mb4 COLLATE=utf8mb4_unicode_ci;

--
-- Dumping data for table `sessions`
--

INSERT INTO `sessions` (`id`, `user_id`, `ip_address`, `user_agent`, `payload`, `last_activity`) VALUES
('LMASVKBK2LrAS11NOka1ykxrjgFLlShJPlUvAASb', NULL, '127.0.0.1', 'Mozilla/5.0 (Windows NT 10.0; Win64; x64) AppleWebKit/537.36 (KHTML, like Gecko) Chrome/94.0.4606.71 Safari/537.36', 'YTo0OntzOjY6Il90b2tlbiI7czo0MDoiaDdPVmJyMkZBNHJMZ3BPRDBibXpWRE1tbmFETDBZeUdua2d2bjc3dSI7czozOiJ1cmwiO2E6MTp7czo4OiJpbnRlbmRlZCI7czozODoiaHR0cDovLzEyNy4wLjAuMTo4MDAwL21zY3Vyc28vY2FycmluaG8iO31zOjk6Il9wcmV2aW91cyI7YToxOntzOjM6InVybCI7czoyNzoiaHR0cDovLzEyNy4wLjAuMTo4MDAwL2xvZ2luIjt9czo2OiJfZmxhc2giO2E6Mjp7czozOiJvbGQiO2E6MDp7fXM6MzoibmV3IjthOjA6e319fQ==', 1633809410),
('tgtR0laqfgUbObrcxX13kPeociM34LyzI5yMUTPe', NULL, '127.0.0.1', 'Mozilla/5.0 (Windows NT 10.0; Win64; x64) AppleWebKit/537.36 (KHTML, like Gecko) Chrome/94.0.4606.71 Safari/537.36', 'YTo0OntzOjY6Il90b2tlbiI7czo0MDoiZHR5ODNPVWcwcmRnSDJ3aDFFNG9ITXpDWTFQNHVTRXJOYTZhQ0hmTiI7czozOiJ1cmwiO2E6MTp7czo4OiJpbnRlbmRlZCI7czo4NDoiaHR0cDovLzEyNy4wLjAuMTo4MDAwL21zY3Vyc28vY2FycmluaG8vYWRpY2lvbmEvOTQ1NWJiNDItYjkxYi00YmMwLThlODYtYjA3MTE3YzE1ZjI2Ijt9czo5OiJfcHJldmlvdXMiO2E6MTp7czozOiJ1cmwiO3M6Mjc6Imh0dHA6Ly8xMjcuMC4wLjE6ODAwMC9sb2dpbiI7fXM6NjoiX2ZsYXNoIjthOjI6e3M6Mzoib2xkIjthOjA6e31zOjM6Im5ldyI7YTowOnt9fX0=', 1633803264);

-- --------------------------------------------------------

--
-- Table structure for table `users`
--

CREATE TABLE `users` (
  `id` varchar(36) NOT NULL,
  `name` varchar(255) CHARACTER SET utf8mb4 COLLATE utf8mb4_unicode_ci NOT NULL,
  `last_name` varchar(255) DEFAULT NULL,
  `email` varchar(255) CHARACTER SET utf8mb4 COLLATE utf8mb4_unicode_ci NOT NULL,
  `email_verified_at` timestamp NULL DEFAULT NULL,
  `password` varchar(255) CHARACTER SET utf8mb4 COLLATE utf8mb4_unicode_ci NOT NULL,
  `remember_token` varchar(100) CHARACTER SET utf8mb4 COLLATE utf8mb4_unicode_ci DEFAULT NULL,
  `created_at` timestamp NULL DEFAULT NULL,
  `updated_at` timestamp NULL DEFAULT NULL
) ENGINE=InnoDB DEFAULT CHARSET=utf8;

--
-- Dumping data for table `users`
--

INSERT INTO `users` (`id`, `name`, `last_name`, `email`, `email_verified_at`, `password`, `remember_token`, `created_at`, `updated_at`) VALUES
('9453c12f-edd7-4732-aa36-031a04393e14', 'Fabrcio Moraes', NULL, 'fcmpeixoto@gmail.com', NULL, '$2y$10$si5kZ2F6wLziEtABW6qNtuXA8fG8.eIKwERidDtGyOuD7Rj9fNmzO', NULL, '2021-09-05 23:40:43', '2021-09-05 23:40:43'),
('9455bf08-7fa9-483a-8e46-6fc112a58aed', 'Fabricio', 'Moraes', 'user@sandbox.pagseguro.com.br', NULL, '$2y$10$2rqQDfhl92FRJBtRTe9nOOJzRqZsLukeX1ZaMoRF9PyLXqGLEk9GS', NULL, '2021-09-06 20:26:21', '2021-09-06 20:26:21'),
('945b769b-1738-45cd-87c9-01ae89747ee2', 'Maria', 'da Silva', 'mariasilva@gmai.com', NULL, '$2y$10$E86hBWaGqCf8j.xeoy48ounqWWh2Ux6leS6tKmvQGKgTiNoqD5F9.', NULL, '2021-09-09 16:38:48', '2021-09-09 16:38:48'),
('945b7ca7-1a28-4c6d-8f7b-6b6a570966b8', 'Lucas', 'Peixoto', 'lucaspeixoto@prefeitura.com', NULL, '$2y$10$qixJCVjZVFn.2iWkfDy29enwn7Qc4etC13q.uZzITlVXD6T3AG9RG', NULL, '2021-09-09 16:55:42', '2021-09-09 16:55:42'),
('949beffe-4092-4a1d-835f-c79ba9ae87ce', 'Maria', 'da Silva', 'maria@silva.com', NULL, '$2y$10$vpw8y.JC5ZYUbKRZllPcMOrR16Hv/HNeom/FfDr/eWyJPeOEJ1rFW', NULL, '2021-10-11 17:51:12', '2021-10-11 17:51:12');

--
-- Indexes for dumped tables
--

--
-- Indexes for table `activity_log`
--
ALTER TABLE `activity_log`
  ADD PRIMARY KEY (`id`);

--
-- Indexes for table `alunos`
--
ALTER TABLE `alunos`
  ADD PRIMARY KEY (`id`),
  ADD KEY `fk_users_id` (`users_id`);

--
-- Indexes for table `alunos_cursos`
--
ALTER TABLE `alunos_cursos`
  ADD KEY `fk_aluno` (`alunos_id`),
  ADD KEY `fk_curso` (`cursos_id`),
  ADD KEY `pk_autoriza` (`code_verificacao`);

--
-- Indexes for table `anexos`
--
ALTER TABLE `anexos`
  ADD PRIMARY KEY (`id`);

--
-- Indexes for table `anexos_cursos`
--
ALTER TABLE `anexos_cursos`
  ADD KEY `fk_cursos_id` (`cursos_id`) USING BTREE,
  ADD KEY `fk_anexos_id` (`anexos_id`) USING BTREE;

--
-- Indexes for table `cursos`
--
ALTER TABLE `cursos`
  ADD PRIMARY KEY (`id`);

--
-- Indexes for table `endereco`
--
ALTER TABLE `endereco`
  ADD PRIMARY KEY (`id`),
  ADD KEY `fk_alunos` (`aluno_id`);

--
-- Indexes for table `failed_jobs`
--
ALTER TABLE `failed_jobs`
  ADD PRIMARY KEY (`id`),
  ADD UNIQUE KEY `failed_jobs_uuid_unique` (`uuid`);

--
-- Indexes for table `item_pedido`
--
ALTER TABLE `item_pedido`
  ADD PRIMARY KEY (`id`),
  ADD KEY `fk_pedido_id_idx` (`pedido_id`);

--
-- Indexes for table `migrations`
--
ALTER TABLE `migrations`
  ADD PRIMARY KEY (`id`);

--
-- Indexes for table `model_has_permissions`
--
ALTER TABLE `model_has_permissions`
  ADD PRIMARY KEY (`permission_id`,`model_id`,`model_type`),
  ADD KEY `model_has_permissions_model_id_model_type_index` (`model_id`,`model_type`);

--
-- Indexes for table `model_has_roles`
--
ALTER TABLE `model_has_roles`
  ADD PRIMARY KEY (`role_id`,`model_id`,`model_type`),
  ADD KEY `model_has_roles_model_id_model_type_index` (`model_id`,`model_type`);

--
-- Indexes for table `password_resets`
--
ALTER TABLE `password_resets`
  ADD KEY `password_resets_email_index` (`email`);

--
-- Indexes for table `pedido`
--
ALTER TABLE `pedido`
  ADD PRIMARY KEY (`id`),
  ADD KEY `fk_user_id_idx` (`user_id`);

--
-- Indexes for table `permissions`
--
ALTER TABLE `permissions`
  ADD PRIMARY KEY (`id`),
  ADD UNIQUE KEY `permissions_name_guard_name_unique` (`name`,`guard_name`);

--
-- Indexes for table `personal_access_tokens`
--
ALTER TABLE `personal_access_tokens`
  ADD PRIMARY KEY (`id`),
  ADD UNIQUE KEY `personal_access_tokens_token_unique` (`token`),
  ADD KEY `personal_access_tokens_tokenable_type_tokenable_id_index` (`tokenable_type`,`tokenable_id`);

--
-- Indexes for table `roles`
--
ALTER TABLE `roles`
  ADD PRIMARY KEY (`id`),
  ADD UNIQUE KEY `roles_name_guard_name_unique` (`name`,`guard_name`);

--
-- Indexes for table `role_has_permissions`
--
ALTER TABLE `role_has_permissions`
  ADD PRIMARY KEY (`permission_id`,`role_id`),
  ADD KEY `role_has_permissions_role_id_foreign` (`role_id`);

--
-- Indexes for table `sessions`
--
ALTER TABLE `sessions`
  ADD PRIMARY KEY (`id`),
  ADD KEY `sessions_user_id_index` (`user_id`),
  ADD KEY `sessions_last_activity_index` (`last_activity`);

--
-- Indexes for table `users`
--
ALTER TABLE `users`
  ADD PRIMARY KEY (`id`),
  ADD UNIQUE KEY `users_email_unique` (`email`);

--
-- AUTO_INCREMENT for dumped tables
--

--
-- AUTO_INCREMENT for table `activity_log`
--
ALTER TABLE `activity_log`
  MODIFY `id` bigint(20) UNSIGNED NOT NULL AUTO_INCREMENT, AUTO_INCREMENT=255;

--
-- AUTO_INCREMENT for table `failed_jobs`
--
ALTER TABLE `failed_jobs`
  MODIFY `id` bigint(20) UNSIGNED NOT NULL AUTO_INCREMENT;

--
-- AUTO_INCREMENT for table `migrations`
--
ALTER TABLE `migrations`
  MODIFY `id` int(10) UNSIGNED NOT NULL AUTO_INCREMENT, AUTO_INCREMENT=6;

--
-- AUTO_INCREMENT for table `permissions`
--
ALTER TABLE `permissions`
  MODIFY `id` bigint(20) UNSIGNED NOT NULL AUTO_INCREMENT, AUTO_INCREMENT=17;

--
-- AUTO_INCREMENT for table `personal_access_tokens`
--
ALTER TABLE `personal_access_tokens`
  MODIFY `id` bigint(20) UNSIGNED NOT NULL AUTO_INCREMENT;

--
-- AUTO_INCREMENT for table `roles`
--
ALTER TABLE `roles`
  MODIFY `id` bigint(20) UNSIGNED NOT NULL AUTO_INCREMENT, AUTO_INCREMENT=4;

--
-- Constraints for dumped tables
--

--
-- Constraints for table `alunos`
--
ALTER TABLE `alunos`
  ADD CONSTRAINT `alunos_ibfk_1` FOREIGN KEY (`users_id`) REFERENCES `users` (`id`) ON DELETE CASCADE ON UPDATE CASCADE;

--
-- Constraints for table `alunos_cursos`
--
ALTER TABLE `alunos_cursos`
  ADD CONSTRAINT `fk_alunos_cursos` FOREIGN KEY (`alunos_id`) REFERENCES `alunos` (`id`) ON DELETE CASCADE ON UPDATE CASCADE,
  ADD CONSTRAINT `fk_cursos_alunos` FOREIGN KEY (`cursos_id`) REFERENCES `cursos` (`id`) ON DELETE CASCADE ON UPDATE CASCADE;

--
-- Constraints for table `anexos_cursos`
--
ALTER TABLE `anexos_cursos`
  ADD CONSTRAINT `anexos_cursos_ibfk_1` FOREIGN KEY (`anexos_id`) REFERENCES `anexos` (`id`) ON DELETE CASCADE ON UPDATE CASCADE,
  ADD CONSTRAINT `anexos_cursos_ibfk_2` FOREIGN KEY (`cursos_id`) REFERENCES `cursos` (`id`) ON DELETE CASCADE ON UPDATE CASCADE;

--
-- Constraints for table `endereco`
--
ALTER TABLE `endereco`
  ADD CONSTRAINT `fk_alunos_endereco` FOREIGN KEY (`aluno_id`) REFERENCES `alunos` (`id`) ON DELETE CASCADE ON UPDATE CASCADE;

--
-- Constraints for table `item_pedido`
--
ALTER TABLE `item_pedido`
  ADD CONSTRAINT `fk_pedido_id` FOREIGN KEY (`pedido_id`) REFERENCES `pedido` (`id`) ON DELETE NO ACTION ON UPDATE NO ACTION;

--
-- Constraints for table `model_has_permissions`
--
ALTER TABLE `model_has_permissions`
  ADD CONSTRAINT `model_has_permissions_permission_id_foreign` FOREIGN KEY (`permission_id`) REFERENCES `permissions` (`id`) ON DELETE CASCADE;

--
-- Constraints for table `model_has_roles`
--
ALTER TABLE `model_has_roles`
  ADD CONSTRAINT `model_has_roles_role_id_foreign` FOREIGN KEY (`role_id`) REFERENCES `roles` (`id`) ON DELETE CASCADE;

--
-- Constraints for table `pedido`
--
ALTER TABLE `pedido`
  ADD CONSTRAINT `fk_user_id` FOREIGN KEY (`user_id`) REFERENCES `users` (`id`) ON DELETE NO ACTION ON UPDATE NO ACTION;

--
-- Constraints for table `role_has_permissions`
--
ALTER TABLE `role_has_permissions`
  ADD CONSTRAINT `role_has_permissions_permission_id_foreign` FOREIGN KEY (`permission_id`) REFERENCES `permissions` (`id`) ON DELETE CASCADE,
  ADD CONSTRAINT `role_has_permissions_role_id_foreign` FOREIGN KEY (`role_id`) REFERENCES `roles` (`id`) ON DELETE CASCADE;
COMMIT;

/*!40101 SET CHARACTER_SET_CLIENT=@OLD_CHARACTER_SET_CLIENT */;
/*!40101 SET CHARACTER_SET_RESULTS=@OLD_CHARACTER_SET_RESULTS */;
/*!40101 SET COLLATION_CONNECTION=@OLD_COLLATION_CONNECTION */;
